source,ID,species,loc_sure,lon,lat,altitude,family,subfam,dom,mon_dicot,pft,phototype,collect_area,regio,country,location,continent,C25,C27,C29,C31,C33,C35,ACL,CPI,,notes
This Study,KU819,Eragrostis sp.,Y,7.951042,16.990325,,Poaceae,Aristidoideae,A,M,Grass,C4,,,Niger,West,Africa,0.0209,0.0712,0.1042,0.2653,0.4917,0.0469,31.5527,15.887,,
This Study,KU820,Aristida sp. (?),Y,7.951042,16.990325,,Poaceae,Aristidoideae,A,M,Grass,C4,,,Niger,West,Africa,0.0913,0.163,0.1911,0.3577,0.1849,0.012,29.8361,12.097,,
This Study,KU821,Aristida sp.,Y,7.951042,16.990325,,Poaceae,Aristidoideae,A,M,Grass,C4,,,Niger,West,Africa,0.0582,0.1305,0.2178,0.4056,0.1759,0.012,30.0927,13.514,,
This Study,KU823,Aristida sp.,Y,7.951042,16.990325,,Poaceae,Aristidoideae,A,M,Grass,C4,,,Niger,West,Africa,0.0407,0.1131,0.2392,0.4232,0.175,0.0088,30.2104,14.072,,
This Study,KU824,Aristida mutabilis (?),Y,7.951042,16.990325,,Poaceae,Aristidoideae,A,M,Grass,C4,,,Niger,West,Africa,0.1349,0.1896,0.1552,0.4056,0.1043,0.0105,29.3725,17.66,,
This Study,KU831,Aristida adscensionis (?),Y,7.951042,16.990325,,Poaceae,Aristidoideae,A,M,Grass,C4,,,Niger,West,Africa,0.1108,0.1857,0.2487,0.3377,0.1102,0.007,29.3438,13.199,,
This Study,KU832,Aristida adscensionis (?),Y,7.951042,16.990325,,Poaceae,Aristidoideae,A,M,Grass,C4,,,Niger,West,Africa,0.0447,0.1337,0.2655,0.4778,0.077,0.0014,29.8259,19.943,,
This Study,KU834,Aristida sp .2,Y,7.951042,16.990325,,Poaceae,Aristidoideae,A,M,Grass,C4,,,Niger,West,Africa,0.1023,0.1831,0.237,0.3391,0.1285,0.0101,29.4774,13.272,,
This Study,KU844,Aristida sp.,Y,7.532757,16.400736,,Poaceae,Aristidoideae,A,M,Grass,C4,,,Niger,West,Africa,0.0248,0.0757,0.1843,0.5386,0.1673,0.0094,30.5518,12.246,,
Tweedy et al. (2025),KU905,Phragmites mauritanius,,34.87,0.349,,Poaceae,Arundinoideae,A,M,Grass,C3,KAK.OPEN,Kakamega,Kenya,East,Africa,0.011056221,0.021286723,0.081804174,0.293136856,0.416170243,0.176545782,32.22343105,10.38142905,,
Ali et al. (2005),,Chloris gayana,,30.2176,12.8628,,Poaceae,Chloridoideae,A,M,Grass,C4,,,Sudan,North,Africa,0.023,0.051,0.098,0.541,0.236,0.051,31.138,NaN,,
Ali et al. (2005),,Dactyloctenium aegyptium,,30.2176,12.8628,,Poaceae,Chloridoideae,A,M,Grass,C4,,,Sudan,North,Africa,0.057,0.12,0.177,0.339,0.265,0.042,30.522,NaN,,
Ali et al. (2005),,Dactyloctenium aegyptium,,30.2176,12.8628,,Poaceae,Chloridoideae,A,M,Grass,C4,,,Sudan,North,Africa,0.037,0.116,0.153,0.319,0.315,0.06,30.878,NaN,,
Ali et al. (2005),,Eragrostis tremula,,30.2176,12.8628,,Poaceae,Chloridoideae,A,M,Grass,C4,,,Sudan,North,Africa,0.021,0.048,0.122,0.517,0.262,0.03,31.082,NaN,,
Griepentrog et al. (2019),,Enteropogon macrostachyus,Y,37.683,-3.306,,Poaceae,Chloridoideae,A,M,Grass,C4,,Lake Challa,Tanzania,East,Africa,0,0.223,0.185,0.362,0.23,0,30.198,NaN,,
Griepentrog et al. (2019),,Enteropogon macrostachyus,Y,37.683,-3.306,,Poaceae,Chloridoideae,A,M,Grass,C4,,Lake Challa,Tanzania,East,Africa,0,0.221,0.182,0.359,0.238,0,30.228,NaN,,
Griepentrog et al. (2019),,Enteropogon macrostachyus,Y,37.683,-3.306,,Poaceae,Chloridoideae,A,M,Grass,C4,,Lake Challa,Tanzania,East,Africa,0,0.137,0.149,0.419,0.295,0,30.744,NaN,,
Griepentrog et al. (2019),,Enteropogon macrostachyus,Y,37.683,-3.306,,Poaceae,Chloridoideae,A,M,Grass,C4,,Lake Challa,Tanzania,East,Africa,0.027,0.071,0.187,0.561,0.146,0.007,30.469,13.26,,
Griepentrog et al. (2019),,Enteropogon macrostachyus,Y,37.683,-3.306,,Poaceae,Chloridoideae,A,M,Grass,C4,,Lake Challa,Tanzania,East,Africa,0.018,0.043,0.142,0.625,0.161,0.01,30.767,15.95,,
Griepentrog et al. (2019),,Enteropogon macrostachyus,Y,37.683,-3.306,,Poaceae,Chloridoideae,A,M,Grass,C4,,Lake Challa,Tanzania,East,Africa,0,0.046,0.206,0.612,0.137,0,30.709,19.21,,
Griepentrog et al. (2019),,Enteropogon macrostachyus,Y,37.683,-3.306,,Poaceae,Chloridoideae,A,M,Grass,C4,,Lake Challa,Tanzania,East,Africa,0,0.053,0.163,0.655,0.129,0,30.72,22.68,,
Griepentrog et al. (2019),,Enteropogon macrostachyus,Y,37.683,-3.306,,Poaceae,Chloridoideae,A,M,Grass,C4,,Lake Challa,Tanzania,East,Africa,0,0.014,0.057,0.409,0.521,0,31.903,12.02,,
This Study,KU588,Cynodon dactylon 2001 October 06,Y,37.528,0.5683,,Poaceae,Chloridoideae,A,M,Grass,C4,,SNR,Kenya,East,Africa,0.0146,0.0158,0.0658,0.3993,0.4207,0.0836,31.8929,18.79,,
This Study,KU589,Cynodon dactylon 2001 November 12,Y,37.528,0.5683,,Poaceae,Chloridoideae,A,M,Grass,C4,,SNR,Kenya,East,Africa,0.0635,0.0357,0.1345,0.5239,0.2138,0.0285,30.7483,6.325,,
This Study,KU590,Cynodon dactylon 2001 December 6,Y,37.528,0.5683,,Poaceae,Chloridoideae,A,M,Grass,C4,,SNR,Kenya,East,Africa,0.0995,0.0911,0.1413,0.4563,0.1961,0.0158,30.2115,5.144,,
This Study,KU591,Cynodon dactylon 2002 January 5,Y,37.528,0.5683,,Poaceae,Chloridoideae,A,M,Grass,C4,,SNR,Kenya,East,Africa,0.0362,0.0896,0.1651,0.5911,0.1156,0.0023,30.3348,14.207,,
This Study,KU592,Cynodon dactylon 2002 February 12,Y,37.528,0.5683,,Poaceae,Chloridoideae,A,M,Grass,C4,,SNR,Kenya,East,Africa,0.04,0.0795,0.1441,0.3352,0.3458,0.0554,31.0675,12.298,,
This Study,KU593,Cynodon dactylon 2002 March 5,Y,37.528,0.5683,,Poaceae,Chloridoideae,A,M,Grass,C4,,SNR,Kenya,East,Africa,0.0417,0.0507,0.0964,0.3881,0.339,0.0841,31.3689,12.195,,
This Study,KU594,Sporobolus spicatus 2001 October 6,Y,37.528,0.5683,,Poaceae,Chloridoideae,A,M,Grass,C4,,SNR,Kenya,East,Africa,0.0445,0.0609,0.1803,0.5093,0.1948,0.0102,30.5595,9.747,,
This Study,KU595,Sporobolus spicatus 2001 November 12,Y,37.528,0.5683,,Poaceae,Chloridoideae,A,M,Grass,C4,,SNR,Kenya,East,Africa,0.044,0.0873,0.1823,0.3544,0.2882,0.0437,30.7738,9.722,,
This Study,KU596,Sporobolus spicatus 2001 December 10,Y,37.528,0.5683,,Poaceae,Chloridoideae,A,M,Grass,C4,,SNR,Kenya,East,Africa,0.0362,0.0767,0.1404,0.3557,0.3414,0.0495,31.0757,8.375,,
This Study,KU597,Sporobolus spicatus 2002 January 9,Y,37.528,0.5683,,Poaceae,Chloridoideae,A,M,Grass,C4,,SNR,Kenya,East,Africa,0.2216,0.0652,0.0838,0.2567,0.2846,0.0882,30.1644,15.133,,
This Study,KU598,Sporobolus spicatus 2002 February 12,Y,37.528,0.5683,,Poaceae,Chloridoideae,A,M,Grass,C4,,SNR,Kenya,East,Africa,0.0311,0.0283,0.0771,0.5431,0.2991,0.0213,31.2292,20.445,,
This Study,KU599,Sporobolus spicatus 2002 July 3,Y,37.528,0.5683,,Poaceae,Chloridoideae,A,M,Grass,C4,,SNR,Kenya,East,Africa,0.0773,0.0634,0.1078,0.1955,0.3954,0.1606,31.5006,7.525,,
This Study,KU600,Sporobolus spicatus 2002 August 2,Y,37.528,0.5683,,Poaceae,Chloridoideae,A,M,Grass,C4,,SNR,Kenya,East,Africa,0.0716,0.0636,0.1278,0.1938,0.3605,0.1827,31.5118,6.468,,
This Study,KU601,Sporobolus spicatus 2002 October 3,Y,37.528,0.5683,,Poaceae,Chloridoideae,A,M,Grass,C4,,SNR,Kenya,East,Africa,0.199,0.1034,0.0973,0.1569,0.3205,0.1229,30.3299,3.9,,
This Study,KU602,Tetrapogon cenchriformis 2001 November 6,Y,37.528,0.5683,,Poaceae,Chloridoideae,A,M,Grass,C4,,SNR,Kenya,East,Africa,0.0876,0.0648,0.0849,0.4759,0.2511,0.0358,30.6908,6.963,,
This Study,KU603,Tetrapogon cenchriformis 2001 December 5,Y,37.528,0.5683,,Poaceae,Chloridoideae,A,M,Grass,C4,,SNR,Kenya,East,Africa,0.0417,0.0719,0.1231,0.4626,0.2586,0.0421,30.9019,9.239,,
This Study,KU604,Gen et sp. indet 2001 October 6,Y,37.528,0.5683,,Poaceae,Chloridoideae,A,M,Grass,C4,,SNR,Kenya,East,Africa,0.0363,0.0981,0.1087,0.5461,0.1913,0.0194,30.6321,19.204,,
This Study,KU818,Panicum sp. 1,Y,7.951042,16.990325,,Poaceae,Chloridoideae,A,M,Grass,C4,,,Niger,West,Africa,0.0571,0.0937,0.0978,0.7264,0.0112,0.0139,30.1653,7.49,,
This Study,KU827,Chloris gayana (?),Y,7.951042,16.990325,,Poaceae,Chloridoideae,A,M,Grass,C4,,,Niger,West,Africa,0.1184,0.1999,0.1987,0.2287,0.188,0.0662,29.7335,9.479,,
This Study,KU828,Dactyloctenium australe (?),Y,7.951042,16.990325,,Poaceae,Chloridoideae,A,M,Grass,C4,,,Niger,West,Africa,0.1403,0.2315,0.1927,0.2569,0.1597,0.019,29.2425,11.206,,
This Study,KU830,Eragrostis tenella (?),Y,7.951042,16.990325,,Poaceae,Chloridoideae,A,M,Grass,C4,,,Niger,West,Africa,0.0886,0.0154,0.1356,0.2131,0.4163,0.131,31.4926,9.964,,
This Study,KU833,Shoenefeldia transiens,Y,7.951042,16.990325,,Poaceae,Chloridoideae,A,M,Grass,C4,,,Niger,West,Africa,0.0813,0.1719,0.2115,0.2653,0.2244,0.0457,30.0338,11.372,,
This Study,KU835,Chloris gayana (?),Y,7.951042,16.990325,,Poaceae,Chloridoideae,A,M,Grass,C4,,,Niger,West,Africa,0.1602,0.2069,0.2094,0.2454,0.1378,0.0402,29.2286,8.319,,
This Study,KU842,Chloris virgata (?),Y,7.532757,16.400736,,Poaceae,Chloridoideae,A,M,Grass,C4,,,Niger,West,Africa,0.1558,0.2178,0.2387,0.2143,0.1308,0.0427,29.1489,9.192,,
This Study,KU845,Sporobolus spicatus (?),Y,7.532757,16.400736,,Poaceae,Chloridoideae,A,M,Grass,C4,,,Niger,West,Africa,0.097,0.1827,0.1227,0.2055,0.3147,0.0774,30.3808,12.236,,
This Study,KU847,Chloris sp.?,Y,9.256226,16.582551,,Poaceae,Chloridoideae,A,M,Grass,C4,,,Niger,West,Africa,0.1762,0.21,0.2043,0.1984,0.161,0.05,29.2162,10.514,,
This Study,KU851,Chloris sp.?,Y,9.506802,16.931249,,Poaceae,Chloridoideae,A,M,Grass,C4,,,Niger,West,Africa,0.031,0.073,0.158,0.674,0.062,0.002,30.338,21.103,,
This Study,KU865,Dactyloctenium bogdanii (?),Y,NaN,NaN,,Poaceae,Chloridoideae,A,M,Grass,C4,,,Niger,West,Africa,0.4743,0.2338,0.105,0.1552,0.0299,0.0018,27.0758,14.147,,
Tweedy et al. (2025),KU917,Eragrostis,,34.869,0.348,,Poaceae,Chloridoideae,A,M,Grass,C4,KAK.OPEN.001.G,Kakamega,Kenya,East,Africa,0.016337808,0.015854785,0.056845928,0.225333015,0.49449725,0.191131214,32.47838151,12.81378459,,
Tweedy et al. (2025),KU911,Sporobolus sp.,,34.87,0.349,,Poaceae,Chloridoideae,A,M,Grass,C4,KAK.MWANZA,Kakamega,Kenya,East,Africa,0.04308288,0.145115933,0.345790428,0.247471005,0.161899723,0.056640031,30.0198177,11.93683116,,
Carr et al. (2014),SK6-8,Pentaschistis sp.,N,19,-32,,Poaceae,Danthonioideae,A,M,Grass,C3,,Succulent Karoo,South Africa,South,Africa,0.001,0.006,0.05,0.748,0.191,0.004,31.268,26.89,,
Tweedy et al. (2025),KU901,Isachne mauritania,,34.869,0.349,,Poaceae,Micrairoideae,A,M,Grass,C3,KAK.MWANZA,Kakamega,Kenya,East,Africa,0.011839769,0.013691329,0.02149664,0.057460511,0.154967179,0.740544572,34.10331544,10.68577915,,
Ali et al. (2005),,Cenchrus bifloris,,30.2176,12.8628,,Poaceae,Panicoideae,A,M,Grass,C4,,,Sudan,North,Africa,0.032,0.079,0.142,0.353,0.316,0.079,31.187,NaN,,
Ali et al. (2005),,Cenchrus ciliaris,,30.2176,12.8628,,Poaceae,Panicoideae,A,M,Grass,C4,,,Sudan,North,Africa,0.011,0.027,0.097,0.497,0.32,0.048,31.464,NaN,,
Ali et al. (2005),,Cenchrus ciliaris,,30.2176,12.8628,,Poaceae,Panicoideae,A,M,Grass,C4,,,Sudan,North,Africa,0.009,0.025,0.08,0.469,0.352,0.065,31.65,NaN,,
Griepentrog et al. (2019),,Themeda triandra,Y,37.686,-3.323,,Poaceae,Panicoideae,A,M,Grass,C4,,Lake Challa,Kenya,East,Africa,0.029,0.173,0.26,0.431,0.102,0.004,29.803,13.57,,
Griepentrog et al. (2019),,Themeda triandra,Y,37.686,-3.323,,Poaceae,Panicoideae,A,M,Grass,C4,,Lake Challa,Kenya,East,Africa,0.018,0.08,0.18,0.606,0.112,0.004,30.452,19.62,,
Griepentrog et al. (2019),,Themeda triandra,Y,37.686,-3.323,,Poaceae,Panicoideae,A,M,Grass,C4,,Lake Challa,Kenya,East,Africa,0.011,0.059,0.148,0.606,0.171,0.004,30.729,23.29,,
Griepentrog et al. (2019),,Themeda triandra,Y,37.686,-3.323,,Poaceae,Panicoideae,A,M,Grass,C4,,Lake Challa,Kenya,East,Africa,0.016,0.072,0.176,0.576,0.151,0.009,30.602,11.74,,
Griepentrog et al. (2019),,Themeda triandra,Y,37.686,-3.323,,Poaceae,Panicoideae,A,M,Grass,C4,,Lake Challa,Kenya,East,Africa,0.01,0.046,0.134,0.681,0.126,0.004,30.787,20.22,,
Griepentrog et al. (2019),,Themeda triandra,Y,37.686,-3.323,,Poaceae,Panicoideae,A,M,Grass,C4,,Lake Challa,Kenya,East,Africa,0.007,0.037,0.121,0.712,0.114,0.009,30.832,17.61,,
Griepentrog et al. (2019),,Themeda triandra,Y,37.686,-3.323,,Poaceae,Panicoideae,A,M,Grass,C4,,Lake Challa,Kenya,East,Africa,0,0.04,0.215,0.6,0.145,0,30.7,25.67,,
Griepentrog et al. (2019),,Themeda triandra,Y,37.686,-3.323,,Poaceae,Panicoideae,A,M,Grass,C4,,Lake Challa,Kenya,East,Africa,0,0.062,0.201,0.611,0.126,0,30.602,17.4,,
Griepentrog et al. (2019),,Themeda triandra,Y,37.686,-3.323,,Poaceae,Panicoideae,A,M,Grass,C4,,Lake Challa,Kenya,East,Africa,0,0.041,0.147,0.664,0.148,0,30.838,21.18,,
Griepentrog et al. (2019),,Themeda triandra,Y,37.686,-3.323,,Poaceae,Panicoideae,A,M,Grass,C4,,Lake Challa,Kenya,East,Africa,0,0.013,0.136,0.722,0.128,0,30.901,29.37,,
Griepentrog et al. (2019),,Themeda triandra,Y,37.686,-3.323,,Poaceae,Panicoideae,A,M,Grass,C4,,Lake Challa,Kenya,East,Africa,0,0.01,0.097,0.781,0.112,0,30.99,44.76,,
Griepentrog et al. (2019),,Themeda triandra,Y,37.686,-3.323,,Poaceae,Panicoideae,A,M,Grass,C4,,Lake Challa,Kenya,East,Africa,0,0,0.081,0.773,0.146,0,31.13,43.61,,
Griepentrog et al. (2019),,Themeda triandra,Y,37.683,-3.306,,Poaceae,Panicoideae,A,M,Grass,C4,,Lake Challa,Tanzania,East,Africa,0,0.025,0.13,0.42,0.424,0,31.457,22.21,,
Griepentrog et al. (2019),,Themeda triandra,Y,37.683,-3.306,,Poaceae,Panicoideae,A,M,Grass,C4,,Lake Challa,Tanzania,East,Africa,0,0.03,0.159,0.757,0.054,0,30.67,37.21,,
Griepentrog et al. (2019),,Themeda triandra,Y,37.683,-3.306,,Poaceae,Panicoideae,A,M,Grass,C4,,Lake Challa,Tanzania,East,Africa,0,0.021,0.119,0.765,0.095,0,30.868,34.25,,
Kristen et al. (2010),,Digitaria sp.,Y,28.08,-25.408,,Poaceae,Panicoideae,A,M,Grass,C4,,,South Africa,South,Africa,0.037,0.239,0.181,0.131,0.282,0.129,30.509,NaN,,
This Study,KU817,Setaria sp.,Y,7.951042,16.990325,,Poaceae,Panicoideae,A,M,Grass,C4,,,Niger,West,Africa,0.0125,0.0428,0.1159,0.5071,0.2909,0.0308,31.2269,19.162,,
This Study,KU826,Cenchrus (?) Biflorus,Y,7.951042,16.990325,,Poaceae,Panicoideae,A,M,Grass,C4,,,Niger,West,Africa,0.108,0.123,0.2256,0.247,0.2526,0.0439,30.0898,13.905,,
This Study,KU843,Panicum sp.,Y,7.532757,16.400736,,Poaceae,Panicoideae,A,M,Grass,C4,,,Niger,West,Africa,0.1789,0.2409,0.1355,0.4058,0.031,0.0079,28.7858,11.873,,
This Study,KU846,Panicum coloratum (?),Y,9.256226,16.582551,,Poaceae,Panicoideae,A,M,Grass,C4,,,Niger,West,Africa,0.0643,0.1032,0.1567,0.6572,0.0169,0.0017,29.9286,19.033,,
This Study,KU862,Echinochloa scabra,Y,2.109298,13.505668,,Poaceae,Panicoideae,A,M,Grass,C4,,,Niger,West,Africa,0.2866,0.2458,0.1114,0.0813,0.119,0.156,28.9361,14.808,,
Tweedy et al. (2025),KU900,Oplismenus hirtellus,,34.87,0.349,,Poaceae,Panicoideae,A,M,Grass,C3,KAK.MWANZA,Kakamega,Kenya,East,Africa,0.011205817,0.013670612,0.071898102,0.121273733,0.314927512,0.467024224,33.23223836,8.787430789,,
Tweedy et al. (2025),KU902,Oplismenus hirtellus,,34.861,0.356,,Poaceae,Panicoideae,A,M,Grass,C3,KAK.MWANZA,Kakamega,Kenya,East,Africa,0.015217125,0.011702206,0.052192073,0.130715133,0.368175083,0.42199838,33.18184797,8.786363997,,
Tweedy et al. (2025),KU904,Oplismenus hirtellus,,34.86,0.356,,Poaceae,Panicoideae,A,M,Grass,C3,KAK.MWANZA,Kakamega,Kenya,East,Africa,0.018338072,0.017358126,0.077328238,0.125472073,0.359445005,0.402058487,32.99300655,9.021474776,,
Tweedy et al. (2025),KU903,Pseudechinolaena polystachya,,34.86,0.355,,Poaceae,Panicoideae,A,M,Grass,C3,KAK.MWANZA,Kakamega,Kenya,East,Africa,0.038158394,0.042994085,0.211453524,0.106628877,0.171670845,0.429094276,32.23588504,9.732698653,,
Tweedy et al. (2025),KU906,Pseudechinolaena polystachya,,34.869,0.348,,Poaceae,Panicoideae,A,M,Grass,C3,KAK.OPEN,Kakamega,Kenya,East,Africa,0.043202609,0.046582251,0.244117942,0.133473406,0.178283176,0.354340615,31.84014827,6.928131154,,
Tweedy et al. (2025),KU899,Pseudechinolaena polystachya,,34.87,0.349,,Poaceae,Panicoideae,A,M,Grass,C3,KAK.MWANZA,Kakamega,Kenya,East,Africa,0.03509112,0.04386621,0.250906255,0.143002139,0.190710572,0.336423704,31.83929189,10.4255657,,
Tweedy et al. (2025),KU916,Digitaria cilioris,,34.869,0.348,,Poaceae,Panicoideae,A,M,Grass,C4,KAK.OPEN,Kakamega,Kenya,East,Africa,0.058224534,0.088224937,0.273163771,0.366261832,0.204467157,0.009657768,30.19899089,11.12655517,,
Tweedy et al. (2025),KU908,Hyparrhenia diplondra,,34.87,0.348,1572,Poaceae,Panicoideae,A,M,Grass,C4,KAK.OPEN,Kakamega,Kenya,East,Africa,0.020037623,0.046286748,0.134860149,0.387158952,0.34131916,0.070337368,31.38889476,20.12259546,,
Tweedy et al. (2025),KU897,Hyparrhenia schimperi,,34.869,0.348,1572,Poaceae,Panicoideae,A,M,Grass,C4,KAK.OPEN.003.G,Kakamega,Kenya,East,Africa,0.020109426,0.07146779,0.196359917,0.3811119,0.287125669,0.043825298,30.95030498,8.065862648,,
Tweedy et al. (2025),KU913,Paspalum conjugatum,,34.869,0.348,,Poaceae,Panicoideae,A,M,Grass,C4,KAK.OPEN,Kakamega,Kenya,East,Africa,0.063716914,0.07774355,0.194870155,0.436719601,0.199062816,0.027886965,30.4266575,6.462024888,,
Tweedy et al. (2025),KU915,Paspalum serobiculatum,,34.869,0.348,,Poaceae,Panicoideae,A,M,Grass,C4,KAK.MWANZA,Kakamega,Kenya,East,Africa,0.024255999,0.094918324,0.220451775,0.226856323,0.258047054,0.175470525,31.25186337,11.43354972,,
Tweedy et al. (2025),KU898,Setaria incrassata,,34.869,0.348,1572,Poaceae,Panicoideae,A,M,Grass,C4,KAK.OPEN.003.G,Kakamega,Kenya,East,Africa,0.010511714,0.038664494,0.076778568,0.609919926,0.22903001,0.035095288,31.22715578,13.74203761,,
Tweedy et al. (2025),KU912,Setaria megaphylla,,34.87,0.349,,Poaceae,Panicoideae,A,M,Grass,C4,KAK.MWANZA,Kakamega,Kenya,East,Africa,0.010604996,0.026384128,0.094489575,0.312883266,0.391877217,0.163760818,32.08065207,16.66484812,,
Tweedy et al. (2025),KU909,Setaria megaphylla,,34.869,0.351,,Poaceae,Panicoideae,A,M,Grass,C4,KAK.MWANZA,Kakamega,Kenya,East,Africa,0.016411963,0.034879911,0.104596253,0.313631628,0.374130235,0.156350011,31.92647659,13.98814283,,
Tweedy et al. (2025),KU914,Urochloa digotrichia (?),,34.863,0.353,,Poaceae,Panicoideae,A,M,Grass,C4,KAK.OPEN,Kakamega,Kenya,East,Africa,0.035160833,0.096687686,0.112776501,0.244566055,0.35964366,0.151165265,31.50067964,12.33724054,,
Tweedy et al. (2025),KU910,Letaspis cochleata,,34.861,0.356,,Poaceae,Pharoideae,A,M,Grass,C3,KAK.MWANZA,Kakamega,Kenya,East,Africa,0.015576311,0.026207916,0.152152589,0.481718251,0.265300101,0.059044832,31.26418482,12.28246225,,
Ali et al. (2005),,Hordeum vulgare,,30.2176,12.8628,,Poaceae,Pooideae,A,M,Grass,C3,,,Sudan,North,Africa,0.046,0.069,0.176,0.32,0.31,0.078,30.997,NaN,,
Carr et al. (2014),SK2-3,Bromus sp.,N,19,-32,,Poaceae,Pooideae,A,M,Grass,C4,,Succulent Karoo,South Africa,South,Africa,0.001,0.002,0.016,0.803,0.176,0.003,31.349,42.53,,
Tweedy et al. (2025),KU931,Agrostis gracifolia,,37.236,-0.167,3608,Poaceae,Pooideae,A,M,Grass,C3,MTK.MOOR.003,Mount Kenya,Kenya,East,Africa,0.024819267,0.089195407,0.387337895,0.30120638,0.193786106,0.003654946,30.12181897,15.8039796,,
Tweedy et al. (2025),KU929,Agrostis kilimandscharica,,37.236,-0.167,3608,Poaceae,Pooideae,A,M,Grass,C3,MTK.MOOR.001,Mount Kenya,Kenya,East,Africa,0.037256106,0.052747433,0.212557972,0.360162176,0.328750326,0.008525988,30.83196229,16.7217918,,
Tweedy et al. (2025),KU930,Agrostis quinqueseta,,37.236,-0.167,3608,Poaceae,Pooideae,A,M,Grass,C3,MTK.MOOR.002,Mount Kenya,Kenya,East,Africa,0.056645486,0.071222686,0.289708436,0.460256099,0.120131905,0.002035388,30.04422483,13.23918458,,
Tweedy et al. (2025),KU932,Agrostis sp.,,37.236,-0.167,3608,Poaceae,Pooideae,A,M,Grass,C3,MTK.MOOR.002,Mount Kenya,Kenya,East,Africa,0.045854467,0.06884398,0.25275601,0.392909902,0.235547804,0.004087837,30.43143221,16.74143749,,
Tweedy et al. (2025),KU927,Brachypodium flexum,,37.223,-0.168,3225,Poaceae,Pooideae,A,M,Grass,C3,MTK.HAG.001,Mount Kenya,Kenya,East,Africa,0.040649049,0.092716466,0.087934344,0.588892383,0.187039285,0.002768474,30.59452362,23.77921596,,
Tweedy et al. (2025),KU920,Deschampsia flexuosa,,37.236,-0.167,3608,Poaceae,Pooideae,A,M,Grass,C3,MTK.MOOR.001,Mount Kenya,Kenya,East,Africa,0.08222367,0.116890502,0.525965385,0.240831114,0.032541704,0.001547625,29.05843911,9.751551579,,
Tweedy et al. (2025),KU919,Poa annua,,37.154,-0.174,2485,Poaceae,Pooideae,A,M,Grass,C3,MTK.MONT.001,Mount Kenya,Kenya,East,Africa,0.18464518,0.20262545,0.295603761,0.237735569,0.06720655,0.01218349,28.67356665,5.162806688,,
Tweedy et al. (2025),KU928,Poa leptoclada,,37.223,-0.168,3225,Poaceae,Pooideae,A,M,Grass,C3,MTK.HAG.002,Mount Kenya,Kenya,East,Africa,0.076432602,0.116084264,0.297813653,0.36290237,0.142224045,0.004543065,29.78406037,26.56112527,,
Badewien et al. (2015),,n.d.,N,14.355182,-16.7115,,Poaceae,Unknown,A,M,Grass,C4,,,Angola,South,Africa,0.127,0.212,0.217,0.298,0.147,0,29.281,3.78,,
Badewien et al. (2015),,n.d.,N,14.355182,-16.7115,,Poaceae,Unknown,A,M,Grass,C4,,,Angola,South,Africa,0.065,0.058,0.11,0.456,0.225,0.086,30.952,4.73,,
Badewien et al. (2015),,n.d.,N,14.355182,-16.7115,,Poaceae,Unknown,A,M,Grass,C4,,,Angola,South,Africa,0,0.07,0.192,0.419,0.208,0.112,31.231,4.76,,
Badewien et al. (2015),,n.d.,N,14.355182,-16.7115,,Poaceae,Unknown,A,M,Grass,C4,,,Angola,South,Africa,0.078,0.086,0.177,0.16,0.346,0.152,31.103,8.68,,
Badewien et al. (2015),,n.d.,N,14.355182,-16.7115,,Poaceae,Unknown,A,M,Grass,C4,,,Angola,South,Africa,0.161,0.154,0.178,0.313,0.194,0,29.45,2.72,,
Badewien et al. (2015),,n.d.,N,14.355182,-16.7115,,Poaceae,Unknown,A,M,Grass,C4,,,Angola,South,Africa,0.028,0.095,0.208,0.495,0.145,0.03,30.477,5.69,,
Badewien et al. (2015),,n.d.,N,14.355182,-16.7115,,Poaceae,Unknown,A,M,Grass,C4,,,Angola,South,Africa,0.038,0.1,0.235,0.292,0.247,0.087,30.713,10.58,,
Badewien et al. (2015),,n.d.,N,14.355182,-16.7115,,Poaceae,Unknown,A,M,Grass,C4,,,Angola,South,Africa,0.036,0.341,0.338,0.176,0.109,0,28.962,6.39,,
Carr et al. (2014),SK15-10,n.d.,N,19,-32,,Poaceae,Unknown,A,M,Grass,C3,,Succulent Karoo,South Africa,South,Africa,0.004,0.022,0.22,0.606,0.143,0.005,30.754,50.24,,
Carr et al. (2014),SK2-5,n.d.,N,19,-32,,Poaceae,Unknown,A,M,Grass,C3,,Succulent Karoo,South Africa,South,Africa,0.002,0.007,0.065,0.875,0.051,0,30.932,29.57,,
Carr et al. (2014),SK2-7,n.d.,N,19,-32,,Poaceae,Unknown,A,M,Grass,C4,,Succulent Karoo,South Africa,South,Africa,0,0.003,0.038,0.418,0.512,0.029,32.052,46.3,,
Carr et al. (2014),SK2-9,Cladoraphis spinosa ,N,19,-32,,Poaceae,Unknown,A,M,Grass,C3,,Succulent Karoo,South Africa,South,Africa,0,0.004,0.086,0.833,0.077,0,30.966,26.15,,
This Study,KU825,gen et sp indet 009,Y,7.951042,16.990325,,Poaceae,Unknown,A,M,Grass,C4,,,Niger,West,Africa,0.1017,0.1959,0.2326,0.256,0.1799,0.0339,29.6362,11.04,,
Badewien et al. (2015),,Cleome sp.,N,14.355182,-16.7115,,Capparaceae,,A,D,Shrub,C3,,,Angola,South,Africa,0.083,0.068,0.113,0.489,0.246,0,30.465,7.67,,
Badewien et al. (2015),,n.d.,N,14.355182,-16.7115,,Fabaceae,,A,D,Shrub,C3,,,Angola,South,Africa,0.081,0.092,0.317,0.344,0.166,0,29.844,5.26,,
Badewien et al. (2015),,n.d.,N,14.355182,-16.7115,,Fabaceae,,A,D,Shrub,C3,,,Angola,South,Africa,0.104,0.154,0.216,0.396,0.13,0,29.588,5.74,,
Badewien et al. (2015),,n.d.,N,14.355182,-16.7115,,Fabaceae,,A,D,Shrub,C3,,,Angola,South,Africa,0.207,0,0.324,0.4,0.069,0,29.248,2.05,,
Badewien et al. (2015),,n.d.,N,14.355182,-16.7115,,Fabaceae,,A,D,Shrub,C3,,,Angola,South,Africa,0.08,0.093,0.283,0.347,0.109,0.088,30.152,2.84,,
Badewien et al. (2015),,n.d.,N,14.355182,-16.7115,,Fabaceae,,A,D,Shrub,C3,,,Angola,South,Africa,0.11,0.233,0.358,0.243,0.056,0,28.804,4.49,,
Badewien et al. (2015),,n.d.,N,14.355182,-16.7115,,Fabaceae,,A,D,Shrub,C3,,,Angola,South,Africa,0.042,0.058,0.246,0.552,0.101,0,30.195,13.12,,
Badewien et al. (2015),,n.d.,N,14.355182,-16.7115,,Fabaceae,,A,D,Shrub,C3,,,Angola,South,Africa,0.106,0.191,0.527,0.176,0,0,28.546,8.24,,
Badewien et al. (2015),,n.d.,N,14.355182,-16.7115,,Fabaceae,,A,D,Shrub,C3,,,Angola,South,Africa,0.148,0.102,0.354,0.318,0.079,0,29.185,4.82,,
Badewien et al. (2015),,n.d.,N,14.355182,-16.7115,,Fabaceae,,A,D,Shrub,C3,,,Angola,South,Africa,0.008,0.015,0.656,0.292,0.024,0.004,29.613,16.39,,
Badewien et al. (2015),,Rhynchosia sp.,N,14.355182,-16.7115,,Fabaceae,,A,D,Shrub,C3,,,Angola,South,Africa,0.078,0.063,0.275,0.474,0.11,0,29.95,6.75,,
Badewien et al. (2015),,Tessmannia sp.,N,14.355182,-16.7115,,Fabaceae,,A,D,Shrub,C3,,,Angola,South,Africa,0.025,0.088,0.666,0.195,0.026,0,29.218,4.77,,
Badewien et al. (2015),,Dissotis sp.,N,14.355182,-16.7115,,Melastomataceae,,A,D,Shrub,C3,,,Angola,South,Africa,0.007,0.014,0.076,0.455,0.438,0.01,31.666,7.5,,
Badewien et al. (2015),,Dissotis sp.,N,14.355182,-16.7115,,Melastomataceae,,A,D,Shrub,C3,,,Angola,South,Africa,0.019,0.022,0.06,0.536,0.361,0.003,31.443,8.89,,
Badewien et al. (2015),,Protea sp.,N,14.355182,-16.7115,,Proteaceae,,A,D,Shrub,C3,,,Angola,South,Africa,0.247,0.302,0.18,0.217,0.053,0,28.025,5.44,,
Badewien et al. (2015),,Protea sp.,N,14.355182,-16.7115,,Proteaceae,,A,D,Shrub,C3,,,Angola,South,Africa,0.269,0.251,0.312,0.113,0.056,0,27.901,3.51,,
Badewien et al. (2015),,Clematis villosa,N,14.355182,-16.7115,,Ranunculaceae,,A,D,Shrub,C3,,,Angola,South,Africa,0.059,0.113,0.268,0.529,0.032,0,29.753,14.58,,
Badewien et al. (2015),,Gnidia chrysantha (Solms ex Schweinf. Gilg ,N,14.355182,-16.7115,,Thymelaeaceae,,A,D,Shrub,C3,,,Angola,South,Africa,0.137,0.261,0.299,0.302,0,0,28.505,9.84,,
Badewien et al. (2015),,Clerodendrum sp.,N,14.355182,-16.7115,,Verbenaceae,,A,D,Shrub,C3,,,Angola,South,Africa,0.125,0.163,0.627,0.065,0.02,0,28.384,5.93,,
Badewien et al. (2015),,Stachytarpheta elegans Welw.,N,14.355182,-16.7115,,Verbenaceae,,A,D,Shrub,C3,,,Angola,South,Africa,0.011,0.008,0.054,0.232,0.623,0.071,32.293,8.74,,
Carr et al. (2014),FB 1-13,Olea europaea subsp. africana ,N,19,-32,,Oleaceae,,A,D,Shrub,C3,,Montane Fynbos,South Africa,South,Africa,0.068,0.021,0.06,0.711,0.14,0,30.668,16.77,,
Carr et al. (2014),FB 1-2,Passerina sp.,N,19,-32,,Thymelaeaceae,,A,D,Shrub,C3,,Montane Fynbos,South Africa,South,Africa,0.001,0.013,0.925,0.061,0,0,29.092,41.54,,
Carr et al. (2014),FB 1-3,Leucodendron pubescens,N,19,-32,,Proteaceae,,A,D,Shrub,C3,,Montane Fynbos,South Africa,South,Africa,0.219,0.438,0.317,0.024,0.001,0.001,27.306,22.56,,
Carr et al. (2014),FB 1-5,Euchaetiselsieae,N,19,-32,,Rutaceae,,A,D,Shrub,C3,,Montane Fynbos,South Africa,South,Africa,0.065,0.128,0.501,0.301,0.005,0,29.106,18.78,,
Carr et al. (2014),FB 1-9,Protea laurifolia,N,19,-32,,Proteaceae,,A,D,Shrub,C3,,Montane Fynbos,South Africa,South,Africa,0.004,0.031,0.29,0.564,0.111,0,30.494,23.98,,
Carr et al. (2014),FB 2-11,Olea europaea subsp. africana,N,19,-32,,Oleaceae,,A,D,Shrub,C3,,Montane Fynbos,South Africa,South,Africa,0.013,0.051,0.487,0.35,0.09,0.009,29.96,11.88,,
Carr et al. (2014),FB 2-5,Phylica oleaefolia,N,19,-32,,Rhamnaceae,,A,D,Shrub,C3,,Montane Fynbos,South Africa,South,Africa,0.006,0.014,0.898,0.082,0,0,29.112,23.57,,
Carr et al. (2014),FB 2-6,Crassula sp.,N,19,-32,,Crassulaceae,,A,D,Shrub,CAM,,Montane Fynbos,South Africa,South,Africa,0,0.028,0.048,0.44,0.461,0.023,31.806,30.54,,
Carr et al. (2014),FB 3-5,Rhus sp.,N,19,-32,,Anacardiaceae,,A,D,Shrub,C3,,Montane Fynbos,South Africa,South,Africa,0.075,0.375,0.23,0.31,0.009,0,28.577,21.48,,
Carr et al. (2014),FB 4-10,n.d.,N,19,-32,,Rutaceae,,A,D,Shrub,C3,,Montane Fynbos,South Africa,South,Africa,0,0.002,0.407,0.585,0.006,0,30.19,12.89,,
Carr et al. (2014),FB 4-3,n.d.,N,19,-32,,Rutaceae,,A,D,Shrub,C3,,Montane Fynbos,South Africa,South,Africa,0.003,0.014,0.618,0.361,0.004,0,29.698,8.31,,
Carr et al. (2014),FB 4-4,Phylica sp.,N,19,-32,,Rhamnaceae,,A,D,Shrub,C3,,Montane Fynbos,South Africa,South,Africa,0.061,0.301,0.41,0.217,0.01,0,28.599,15.61,,
Carr et al. (2014),FB 4-5,Cliffortia sp.,N,19,-32,,Rosaceae,,A,D,Shrub,C3,,Montane Fynbos,South Africa,South,Africa,0.003,0.059,0.034,0.683,0.222,0,31.153,21.81,,
Carr et al. (2014),FB 4-7,n.d.,N,19,-32,,Rutaceae,,A,D,Shrub,C3,,Montane Fynbos,South Africa,South,Africa,0.018,0.127,0.393,0.419,0.042,0,29.651,7.07,,
Carr et al. (2014),FB 4-8,n.d.,N,19,-32,,Rutaceae,,A,D,Shrub,C3,,Montane Fynbos,South Africa,South,Africa,0.002,0.008,0.521,0.453,0.016,0,29.946,8.55,,
Carr et al. (2014),FB 5-1,Leucodendron pubescens,N,19,-32,,Proteaceae,,A,D,Shrub,C3,,Montane Fynbos,South Africa,South,Africa,0.088,0.226,0.525,0.161,0,0,28.518,11.63,,
Carr et al. (2014),FB 5-2,Phylica sp.,N,19,-32,,Rhamnaceae,,A,D,Shrub,C3,,Montane Fynbos,South Africa,South,Africa,0.003,0.069,0.85,0.075,0.003,0,29.012,35.46,,
Carr et al. (2014),FB 5-7,Macrostylis sp.,N,19,-32,,Rutaceae ,,A,D,Shrub,C3,,Montane Fynbos,South Africa,South,Africa,0.007,0.067,0.631,0.294,0.001,0,29.43,19.69,,
Carr et al. (2014),SK14-5,n.d.,N,19,-32,,Hyacinthaceae,,A,M,Shrub,C3,,Succulent Karoo,South Africa,South,Africa,0.002,0.114,0.484,0.388,0.011,0.002,29.625,9.35,,
Carr et al. (2014),SK15-11,Lycium sp.,N,19,-32,,Solanaceae,,A,D,Shrub,C3,,Succulent Karoo,South Africa,South,Africa,0.015,0.018,0.088,0.849,0.029,0,30.689,15.75,,
Carr et al. (2014),SK5-3,Lycium ferrocissimum,N,19,-32,,Solanaceae,,A,D,Shrub,C3,,Succulent Karoo,South Africa,South,Africa,0,0.004,0.045,0.778,0.167,0.004,31.182,12.53,,
Carr et al. (2014),SK5-7,Thesium sp.,N,19,-32,,Santalaceae,,A,D,Shrub,C3,,Succulent Karoo,South Africa,South,Africa,0.001,0.002,0.024,0.693,0.271,0.009,31.516,10.75,,
Carr et al. (2014),SK7-12,Lycium sp.,N,19,-32,,Solanaceae,,A,D,Shrub,C4,,Succulent Karoo,South Africa,South,Africa,0.048,0.047,0.092,0.564,0.24,0.01,30.891,58.08,,
Carr et al. (2014),SK9-1,Lycium sp.,N,19,-32,,Solanaceae,,A,D,Shrub,C3,,Succulent Karoo,South Africa,South,Africa,0,0.003,0.003,0.949,0.045,0,31.072,59.59,,
Carr et al. (2014),SV 2-7,Rhus sp.,N,19,-32,,Anacardiaceae,,A,D,Shrub,C3,,Lowland Fynbos,South Africa,South,Africa,0.033,0.069,0.164,0.717,0.016,0.001,30.234,6.92,,
Carr et al. (2014),SV 2-8,Hermannia sp.,N,19,-32,,Malvaceae,,A,D,Shrub,C3,,Lowland Fynbos,South Africa,South,Africa,0.003,0.123,0.504,0.348,0.021,0.001,29.528,23.98,,
Carr et al. (2014),SV 4-12,n.d.,N,19,-32,,Thymelaeaceae,,A,D,Shrub,C3,,Lowland Fynbos,South Africa,South,Africa,0.275,0.086,0.301,0.338,0,0,28.404,7.84,,
Carr et al. (2014),SV 4-13,n.d.,N,19,-32,,Malvaceae,,A,D,Shrub,C3,,Lowland Fynbos,South Africa,South,Africa,0.005,0.013,0.464,0.518,0,0,29.99,24.57,,
Carr et al. (2014),SV1-6,Lycium sp.,N,19,-32,,Solanaceae,,A,D,Shrub,C3,,Lowland Fynbos,South Africa,South,Africa,0.001,0.023,0.084,0.618,0.25,0.023,31.295,11.06,,
Carr et al. (2014),SV1-7,Rhus sp. ,N,19,-32,,Anacardiaceae,,A,D,Shrub,C3,,Lowland Fynbos,South Africa,South,Africa,0.01,0.076,0.124,0.605,0.185,0,30.758,10.15,,
Carr et al. (2014),SV3-4,n.d.,N,19,-32,,Polygalaceae,,A,D,Shrub,C3,,Lowland Fynbos,South Africa,South,Africa,0,0.06,0.6,0.308,0.031,0.001,29.626,21.04,,
Carr et al. (2014),SV3-6,n.d.,N,19,-32,,Rutaceae,,A,D,Shrub,C3,,Lowland Fynbos,South Africa,South,Africa,0,0.017,0.649,0.329,0.004,0.001,29.646,33.53,,
Carr et al. (2014),SV5-2,n.d.,N,19,-32,,Thymelaeaceae,,A,D,Shrub,C3,,Lowland Fynbos,South Africa,South,Africa,0.256,0.08,0.316,0.345,0.003,0,28.518,10.14,,
Carr et al. (2014),SV5-3,Asparagus sp.,N,19,-32,,Asparagaceae,,A,M,Shrub,C3,,Lowland Fynbos,South Africa,South,Africa,0.252,0.443,0.274,0.028,0.002,0,27.141,11.43,,
Griepentrog et al. (2019),,Commiphora africana,Y,37.686,-3.323,,Burseraceae,,A,D,Shrub,C3,,Lake Challa,Kenya,East,Africa,0.009,0.044,0.212,0.554,0.181,0,30.708,19.12,,
Griepentrog et al. (2019),,Commiphora africana,Y,37.686,-3.323,,Burseraceae,,A,D,Shrub,C3,,Lake Challa,Kenya,East,Africa,0.008,0.053,0.199,0.529,0.212,0,30.797,17.29,,
Griepentrog et al. (2019),,Commiphora africana,Y,37.686,-3.323,,Burseraceae,,A,D,Shrub,C3,,Lake Challa,Kenya,East,Africa,0.007,0.041,0.182,0.544,0.226,0,30.882,15.25,,
Griepentrog et al. (2019),,Commiphora africana,Y,37.686,-3.323,,Burseraceae,,A,D,Shrub,C3,,Lake Challa,Kenya,East,Africa,0.03,0.1,0.149,0.461,0.235,0.026,30.727,5.95,,
Griepentrog et al. (2019),,Commiphora africana,Y,37.686,-3.323,,Burseraceae,,A,D,Shrub,C3,,Lake Challa,Kenya,East,Africa,0.013,0.047,0.12,0.492,0.312,0.016,31.182,7.81,,
Griepentrog et al. (2019),,Commiphora africana,Y,37.686,-3.323,,Burseraceae,,A,D,Shrub,C3,,Lake Challa,Kenya,East,Africa,0,0.048,0.124,0.507,0.321,0,31.202,NaN,,
Griepentrog et al. (2019),,Commiphora africana,Y,37.686,-3.323,,Burseraceae,,A,D,Shrub,C3,,Lake Challa,Kenya,East,Africa,0,0.048,0.124,0.507,0.321,0,31.202,NaN,,
Griepentrog et al. (2019),,Commiphora africana,Y,37.686,-3.323,,Burseraceae,,A,D,Shrub,C3,,Lake Challa,Kenya,East,Africa,0,0.082,0.216,0.474,0.229,0,30.729,9.57,,
Griepentrog et al. (2019),,Commiphora africana,Y,37.686,-3.323,,Burseraceae,,A,D,Shrub,C3,,Lake Challa,Kenya,East,Africa,0,0.072,0.208,0.465,0.255,0,30.806,12.68,,
Griepentrog et al. (2019),,Commiphora africana,Y,37.686,-3.323,,Burseraceae,,A,D,Shrub,C3,,Lake Challa,Kenya,East,Africa,0,0.04,0.13,0.511,0.319,0,31.218,20.47,,
Griepentrog et al. (2019),,Commiphora africana,Y,37.686,-3.323,,Burseraceae,,A,D,Shrub,C3,,Lake Challa,Kenya,East,Africa,0,0.054,0.135,0.529,0.282,0,31.078,19.21,,
Griepentrog et al. (2019),,Commiphora africana,Y,37.686,-3.323,,Burseraceae,,A,D,Shrub,C3,,Lake Challa,Kenya,East,Africa,0,0,0.146,0.583,0.271,0,31.25,NaN,,
Griepentrog et al. (2019),,Commiphora africana,Y,37.686,-3.323,,Burseraceae,,A,D,Shrub,C3,,Lake Challa,Kenya,East,Africa,0.045,0.073,0.157,0.473,0.238,0.014,30.656,7.22,,
Griepentrog et al. (2019),,Grewia tephrodermis,Y,37.686,-3.323,,Tiliaceae,,A,D,Shrub,C3,,Lake Challa,Kenya,East,Africa,0.028,0.329,0.368,0.239,0.031,0.004,28.827,10.02,,
Griepentrog et al. (2019),,Grewia tephrodermis,Y,37.686,-3.323,,Tiliaceae,,A,D,Shrub,C3,,Lake Challa,Kenya,East,Africa,0.024,0.152,0.422,0.357,0.039,0.006,29.506,9.47,,
Griepentrog et al. (2019),,Grewia tephrodermis,Y,37.686,-3.323,,Tiliaceae,,A,D,Shrub,C3,,Lake Challa,Kenya,East,Africa,0.005,0.03,0.437,0.49,0.036,0.003,30.091,13.34,,
Griepentrog et al. (2019),,Grewia tephrodermis,Y,37.686,-3.323,,Tiliaceae,,A,D,Shrub,C3,,Lake Challa,Kenya,East,Africa,0.014,0.147,0.283,0.478,0.069,0.009,29.936,4.37,,
Griepentrog et al. (2019),,Grewia tephrodermis,Y,37.686,-3.323,,Tiliaceae,,A,D,Shrub,C3,,Lake Challa,Kenya,East,Africa,0.006,0.101,0.276,0.552,0.057,0.007,30.119,5.14,,
Griepentrog et al. (2019),,Grewia tephrodermis,Y,37.686,-3.323,,Tiliaceae,,A,D,Shrub,C3,,Lake Challa,Kenya,East,Africa,0.022,0.099,0.264,0.535,0.068,0.012,30.128,4.34,,
Griepentrog et al. (2019),,Grewia tephrodermis,Y,37.686,-3.323,,Tiliaceae,,A,D,Shrub,C3,,Lake Challa,Kenya,East,Africa,0,0.175,0.423,0.365,0.038,0,29.561,7.15,,
Griepentrog et al. (2019),,Grewia tephrodermis,Y,37.686,-3.323,,Tiliaceae,,A,D,Shrub,C3,,Lake Challa,Kenya,East,Africa,0,0.267,0.353,0.345,0.035,0,29.296,8.84,,
Griepentrog et al. (2019),,Grewia tephrodermis,Y,37.686,-3.323,,Tiliaceae,,A,D,Shrub,C3,,Lake Challa,Kenya,East,Africa,0.001,0.01,0.426,0.544,0.019,0,30.14,17.13,,
Griepentrog et al. (2019),,Grewia tephrodermis,Y,37.686,-3.323,,Tiliaceae,,A,D,Shrub,C3,,Lake Challa,Kenya,East,Africa,0,0.504,0.358,0.138,0,0,28.268,2.74,,
Griepentrog et al. (2019),,Grewia tephrodermis,Y,37.686,-3.323,,Tiliaceae,,A,D,Shrub,C3,,Lake Challa,Kenya,East,Africa,0,0.443,0.324,0.233,0,0,28.58,5.8,,
Griepentrog et al. (2019),,Grewia tephrodermis,Y,37.686,-3.323,,Tiliaceae,,A,D,Shrub,C3,,Lake Challa,Kenya,East,Africa,0,0.134,0.476,0.39,0,0,29.512,NaN,,
Griepentrog et al. (2019),,Grewia tephrodermis,Y,37.683,-3.306,,Tiliaceae,,A,D,Shrub,C3,,Lake Challa,Tanzania,East,Africa,0.009,0.1,0.482,0.377,0.026,0.005,29.623,14.38,,
Griepentrog et al. (2019),,Grewia tephrodermis,Y,37.683,-3.306,,Tiliaceae,,A,D,Shrub,C3,,Lake Challa,Tanzania,East,Africa,0.011,0.035,0.468,0.454,0.029,0.004,29.963,9.82,,
Griepentrog et al. (2019),,Grewia tephrodermis,Y,37.683,-3.306,,Tiliaceae,,A,D,Shrub,C3,,Lake Challa,Tanzania,East,Africa,0.017,0.046,0.421,0.473,0.038,0.005,29.968,9.67,,
Griepentrog et al. (2019),,Grewia tephrodermis,Y,37.683,-3.306,,Tiliaceae,,A,D,Shrub,C3,,Lake Challa,Tanzania,East,Africa,0.023,0.199,0.339,0.37,0.057,0.011,29.515,5.13,,
Griepentrog et al. (2019),,Grewia tephrodermis,Y,37.683,-3.306,,Tiliaceae,,A,D,Shrub,C3,,Lake Challa,Tanzania,East,Africa,0.031,0.065,0.329,0.48,0.07,0.024,30.101,3.53,,
Griepentrog et al. (2019),,Grewia tephrodermis,Y,37.683,-3.306,,Tiliaceae,,A,D,Shrub,C3,,Lake Challa,Tanzania,East,Africa,0.002,0.009,0.381,0.577,0.03,0.001,30.254,13.77,,
Griepentrog et al. (2019),,Grewia tephrodermis,Y,37.683,-3.306,,Tiliaceae,,A,D,Shrub,C3,,Lake Challa,Tanzania,East,Africa,0,0.25,0.354,0.362,0.033,0,29.327,12.15,,
Griepentrog et al. (2019),,Grewia tephrodermis,Y,37.683,-3.306,,Tiliaceae,,A,D,Shrub,C3,,Lake Challa,Tanzania,East,Africa,0,0.011,0.422,0.545,0.022,0,30.156,NaN,,
Griepentrog et al. (2019),,Grewia tephrodermis,Y,37.683,-3.306,,Tiliaceae,,A,D,Shrub,C3,,Lake Challa,Tanzania,East,Africa,0,0.117,0.341,0.527,0.016,0,29.913,24.39,,
Griepentrog et al. (2019),,Grewia tephrodermis,Y,37.683,-3.306,,Tiliaceae,,A,D,Shrub,C3,,Lake Challa,Tanzania,East,Africa,0,0.31,0.397,0.293,0,0,28.966,6.42,,
Griepentrog et al. (2019),,Grewia tephrodermis,Y,37.683,-3.306,,Tiliaceae,,A,D,Shrub,C3,,Lake Challa,Tanzania,East,Africa,0,0.133,0.362,0.489,0.016,0,29.776,11.7,,
Griepentrog et al. (2019),,Grewia tephrodermis,Y,37.683,-3.306,,Tiliaceae,,A,D,Shrub,C3,,Lake Challa,Tanzania,East,Africa,0,0.245,0.316,0.439,0,0,29.388,1.82,,
Griepentrog et al. (2019),,Euphorbia tirucalli,Y,37.686,-3.323,,Euphorbiaceae,,A,D,Shrub,C3,,Lake Challa,Kenya,East,Africa,0.013,0.132,0.702,0.138,0.014,0.001,29.022,14.81,,
Griepentrog et al. (2019),,Euphorbia tirucalli,Y,37.686,-3.323,,Euphorbiaceae,,A,D,Shrub,C3,,Lake Challa,Kenya,East,Africa,0.026,0.126,0.653,0.173,0.02,0.001,29.047,9.68,,
Griepentrog et al. (2019),,Euphorbia tirucalli,Y,37.686,-3.323,,Euphorbiaceae,,A,D,Shrub,C3,,Lake Challa,Kenya,East,Africa,0.022,0.118,0.617,0.198,0.04,0.004,29.227,9.73,,
Griepentrog et al. (2019),,Euphorbia tirucalli,Y,37.686,-3.323,,Euphorbiaceae,,A,D,Shrub,C3,,Lake Challa,Kenya,East,Africa,0.007,0.147,0.721,0.113,0.01,0.001,28.921,24.39,,
Griepentrog et al. (2019),,Euphorbia tirucalli,Y,37.686,-3.323,,Euphorbiaceae,,A,D,Shrub,C3,,Lake Challa,Kenya,East,Africa,0.007,0.096,0.727,0.154,0.015,0.001,29.154,27.41,,
Griepentrog et al. (2019),,Euphorbia tirucalli,Y,37.686,-3.323,,Euphorbiaceae,,A,D,Shrub,C3,,Lake Challa,Kenya,East,Africa,0.007,0.104,0.7,0.167,0.019,0.002,29.157,24.44,,
Griepentrog et al. (2019),,Euphorbia tirucalli,Y,37.686,-3.323,,Euphorbiaceae,,A,D,Shrub,C3,,Lake Challa,Kenya,East,Africa,0.007,0.221,0.663,0.1,0.009,0.001,28.801,31.29,,
Griepentrog et al. (2019),,Euphorbia tirucalli,Y,37.686,-3.323,,Euphorbiaceae,,A,D,Shrub,C3,,Lake Challa,Kenya,East,Africa,0.009,0.095,0.699,0.172,0.024,0.002,29.255,13.47,,
Griepentrog et al. (2019),,Euphorbia tirucalli,Y,37.686,-3.323,,Euphorbiaceae,,A,D,Shrub,C3,,Lake Challa,Kenya,East,Africa,0.01,0.103,0.677,0.186,0.023,0.002,29.259,15.6,,
Griepentrog et al. (2019),,Euphorbia tirucalli,Y,37.686,-3.323,,Euphorbiaceae,,A,D,Shrub,C3,,Lake Challa,Kenya,East,Africa,0,0.148,0.727,0.114,0.01,0,28.943,NaN,,
Griepentrog et al. (2019),,Euphorbia tirucalli,Y,37.686,-3.323,,Euphorbiaceae,,A,D,Shrub,C3,,Lake Challa,Kenya,East,Africa,0,0.148,0.727,0.114,0.01,0,28.943,NaN,,
Griepentrog et al. (2019),,Maerua sp.,Y,37.686,-3.323,,Capparaceae,,A,D,Shrub,C3,,Lake Challa,Kenya,East,Africa,0.008,0.057,0.571,0.357,0.007,0,29.596,9.41,,
Griepentrog et al. (2019),,Maerua sp.,Y,37.686,-3.323,,Capparaceae,,A,D,Shrub,C3,,Lake Challa,Kenya,East,Africa,0.008,0.054,0.527,0.4,0.011,0,29.704,9.52,,
Griepentrog et al. (2019),,Maerua sp.,Y,37.686,-3.323,,Capparaceae,,A,D,Shrub,C3,,Lake Challa,Kenya,East,Africa,0.006,0.056,0.526,0.402,0.011,0,29.741,8.71,,
Griepentrog et al. (2019),,Maerua sp.,Y,37.686,-3.323,,Capparaceae,,A,D,Shrub,C3,,Lake Challa,Kenya,East,Africa,0.025,0.134,0.533,0.291,0.013,0.004,29.29,5.23,,
Griepentrog et al. (2019),,Maerua sp.,Y,37.686,-3.323,,Capparaceae,,A,D,Shrub,C3,,Lake Challa,Kenya,East,Africa,0.042,0.284,0.364,0.279,0.03,0,28.913,2.66,,
Griepentrog et al. (2019),,Maerua sp.,Y,37.686,-3.323,,Capparaceae,,A,D,Shrub,C3,,Lake Challa,Kenya,East,Africa,0.04,0.244,0.372,0.314,0.03,0,29.1,3.01,,
Griepentrog et al. (2019),,Maerua sp.,Y,37.686,-3.323,,Capparaceae,,A,D,Shrub,C3,,Lake Challa,Kenya,East,Africa,0,0.252,0.476,0.234,0.038,0,29.116,2.67,,
Griepentrog et al. (2019),,Maerua sp.,Y,37.686,-3.323,,Capparaceae,,A,D,Shrub,C3,,Lake Challa,Kenya,East,Africa,0,0.182,0.518,0.27,0.03,0,29.296,3.99,,
Griepentrog et al. (2019),,Maerua sp.,Y,37.686,-3.323,,Capparaceae,,A,D,Shrub,C3,,Lake Challa,Kenya,East,Africa,0,0.074,0.574,0.342,0.011,0,29.609,10.06,,
Griepentrog et al. (2019),,Maerua sp.,Y,37.686,-3.323,,Capparaceae,,A,D,Shrub,C3,,Lake Challa,Kenya,East,Africa,0,0.118,0.674,0.206,0.002,0,29.184,15.77,,
Griepentrog et al. (2019),,Maerua sp.,Y,37.686,-3.323,,Capparaceae,,A,D,Shrub,C3,,Lake Challa,Kenya,East,Africa,0,0.116,0.632,0.245,0.006,0,29.253,12.69,,
Griepentrog et al. (2019),,Maerua sp.,Y,37.686,-3.323,,Capparaceae,,A,D,Shrub,C3,,Lake Challa,Kenya,East,Africa,0,0.111,0.616,0.267,0.006,0,29.336,11.72,,
Griepentrog et al. (2019),,Thylachium africanum,Y,37.686,-3.323,,Capparaceae,,A,D,Shrub,C3,,Lake Challa,Kenya,East,Africa,0.073,0.238,0.502,0.143,0.041,0.003,28.7,2.31,,
Griepentrog et al. (2019),,Thylachium africanum,Y,37.686,-3.323,,Capparaceae,,A,D,Shrub,C3,,Lake Challa,Kenya,East,Africa,0.106,0.246,0.421,0.188,0.036,0.004,28.657,2.48,,
Griepentrog et al. (2019),,Thylachium africanum,Y,37.686,-3.323,,Capparaceae,,A,D,Shrub,C3,,Lake Challa,Kenya,East,Africa,0.055,0.189,0.59,0.156,0.01,0,28.754,1.5,,
Griepentrog et al. (2019),,Thylachium africanum,Y,37.686,-3.323,,Capparaceae,,A,D,Shrub,C3,,Lake Challa,Kenya,East,Africa,0.045,0.17,0.603,0.17,0.011,0,28.835,2.68,,
Griepentrog et al. (2019),,Thylachium africanum,Y,37.686,-3.323,,Capparaceae,,A,D,Shrub,C3,,Lake Challa,Kenya,East,Africa,0.038,0.129,0.494,0.287,0.042,0.011,29.427,2.64,,
Griepentrog et al. (2019),,Thylachium africanum,Y,37.686,-3.323,,Capparaceae,,A,D,Shrub,C3,,Lake Challa,Kenya,East,Africa,0,0.226,0.509,0.265,0,0,29.078,2.66,,
Griepentrog et al. (2019),,Thylachium africanum,Y,37.686,-3.323,,Capparaceae,,A,D,Shrub,C3,,Lake Challa,Kenya,East,Africa,0.139,0.181,0.312,0.295,0.061,0.012,28.988,2.2,,
Griepentrog et al. (2019),,Thylachium africanum,Y,37.686,-3.323,,Capparaceae,,A,D,Shrub,C3,,Lake Challa,Kenya,East,Africa,0,0.275,0.43,0.241,0.054,0,29.148,2.05,,
Griepentrog et al. (2019),,Thylachium africanum,Y,37.686,-3.323,,Capparaceae,,A,D,Shrub,C3,,Lake Challa,Kenya,East,Africa,0,0.363,0.473,0.164,0,0,28.602,1.86,,
Griepentrog et al. (2019),,Thylachium africanum,Y,37.686,-3.323,,Capparaceae,,A,D,Shrub,C3,,Lake Challa,Kenya,East,Africa,0,0.357,0.467,0.176,0,0,28.638,2.59,,
Griepentrog et al. (2019),,Thylachium africanum,Y,37.686,-3.323,,Capparaceae,,A,D,Shrub,C3,,Lake Challa,Kenya,East,Africa,0.105,0.028,0.481,0.294,0.06,0.031,29.509,1.82,,
Griepentrog et al. (2019),,Thylachium africanum,Y,37.712,-3.314,,Capparaceae,,A,D,Shrub,C3,,Lake Challa,Kenya,East,Africa,0.077,0.194,0.476,0.208,0.038,0.005,28.844,3.78,,
Griepentrog et al. (2019),,Thylachium africanum,Y,37.712,-3.314,,Capparaceae,,A,D,Shrub,C3,,Lake Challa,Kenya,East,Africa,0.09,0.164,0.473,0.234,0.034,0.006,28.981,3.07,,
Griepentrog et al. (2019),,Thylachium africanum,Y,37.712,-3.314,,Capparaceae,,A,D,Shrub,C3,,Lake Challa,Kenya,East,Africa,0.093,0.154,0.434,0.266,0.045,0.008,29.08,3.31,,
Griepentrog et al. (2019),,Thylachium africanum,Y,37.712,-3.314,,Capparaceae,,A,D,Shrub,C3,,Lake Challa,Kenya,East,Africa,0.069,0.21,0.531,0.131,0.034,0.025,28.852,1.6,,
Griepentrog et al. (2019),,Thylachium africanum,Y,37.712,-3.314,,Capparaceae,,A,D,Shrub,C3,,Lake Challa,Kenya,East,Africa,0.092,0.173,0.525,0.147,0.034,0.03,28.925,2.1,,
Griepentrog et al. (2019),,Thylachium africanum,Y,37.712,-3.314,,Capparaceae,,A,D,Shrub,C3,,Lake Challa,Kenya,East,Africa,0.054,0.157,0.525,0.201,0.037,0.026,29.176,2.02,,
Griepentrog et al. (2019),,Thylachium africanum,Y,37.712,-3.314,,Capparaceae,,A,D,Shrub,C3,,Lake Challa,Kenya,East,Africa,0,0.24,0.588,0.16,0.013,0,28.921,1.87,,
Griepentrog et al. (2019),,Thylachium africanum,Y,37.712,-3.314,,Capparaceae,,A,D,Shrub,C3,,Lake Challa,Kenya,East,Africa,0,0.187,0.574,0.218,0.022,0,29.179,2.16,,
Griepentrog et al. (2019),,Thylachium africanum,Y,37.712,-3.314,,Capparaceae,,A,D,Shrub,C3,,Lake Challa,Kenya,East,Africa,0,0.189,0.544,0.238,0.029,0,29.214,2.04,,
Griepentrog et al. (2019),,Thylachium africanum,Y,37.712,-3.314,,Capparaceae,,A,D,Shrub,C3,,Lake Challa,Kenya,East,Africa,0,0.199,0.418,0.383,0,0,29.368,NaN,,
Griepentrog et al. (2019),,Thylachium africanum,Y,37.712,-3.314,,Capparaceae,,A,D,Shrub,C3,,Lake Challa,Kenya,East,Africa,0.066,0.157,0.316,0.36,0.094,0.007,29.56,4.34,,
Griepentrog et al. (2019),,Thylachium africanum,Y,37.712,-3.314,,Capparaceae,,A,D,Shrub,C3,,Lake Challa,Kenya,East,Africa,0,0,0,1,0,0,31,NaN,,
Griepentrog et al. (2019),,Vepris uguenensis,Y,37.686,-3.323,,Rutaceae,,A,D,Shrub,C3,,Lake Challa,Kenya,East,Africa,0.008,0.011,0.134,0.523,0.322,0.003,31.327,9.76,,
Griepentrog et al. (2019),,Vepris uguenensis,Y,37.686,-3.323,,Rutaceae,,A,D,Shrub,C3,,Lake Challa,Kenya,East,Africa,0.007,0.011,0.088,0.458,0.432,0.005,31.653,9.11,,
Griepentrog et al. (2019),,Vepris uguenensis,Y,37.686,-3.323,,Rutaceae,,A,D,Shrub,C3,,Lake Challa,Kenya,East,Africa,0.006,0.008,0.071,0.452,0.459,0.004,31.724,9.61,,
Griepentrog et al. (2019),,Vepris uguenensis,Y,37.686,-3.323,,Rutaceae,,A,D,Shrub,C3,,Lake Challa,Kenya,East,Africa,0.006,0.027,0.212,0.452,0.298,0.006,31.083,6.11,,
Griepentrog et al. (2019),,Vepris uguenensis,Y,37.686,-3.323,,Rutaceae,,A,D,Shrub,C3,,Lake Challa,Kenya,East,Africa,0.004,0.017,0.154,0.405,0.41,0.01,31.46,5.92,,
Griepentrog et al. (2019),,Vepris uguenensis,Y,37.686,-3.323,,Rutaceae,,A,D,Shrub,C3,,Lake Challa,Kenya,East,Africa,0.003,0.012,0.142,0.399,0.433,0.011,31.56,6.3,,
Griepentrog et al. (2019),,Vepris uguenensis,Y,37.686,-3.323,,Rutaceae,,A,D,Shrub,C3,,Lake Challa,Kenya,East,Africa,0,0.076,0.212,0.43,0.282,0,30.836,4.37,,
Griepentrog et al. (2019),,Vepris uguenensis,Y,37.686,-3.323,,Rutaceae,,A,D,Shrub,C3,,Lake Challa,Kenya,East,Africa,0,0.019,0.16,0.459,0.362,0,31.328,7.99,,
Griepentrog et al. (2019),,Vepris uguenensis,Y,37.686,-3.323,,Rutaceae,,A,D,Shrub,C3,,Lake Challa,Kenya,East,Africa,0,0.02,0.118,0.39,0.472,0,31.628,7.3,,
Griepentrog et al. (2019),,Vepris uguenensis,Y,37.686,-3.323,,Rutaceae,,A,D,Shrub,C3,,Lake Challa,Kenya,East,Africa,0,0,0.251,0.409,0.34,0,31.178,14.26,,
Griepentrog et al. (2019),,Vepris uguenensis,Y,37.686,-3.323,,Rutaceae,,A,D,Shrub,C3,,Lake Challa,Kenya,East,Africa,0,0,0.229,0.473,0.298,0,31.138,NaN,,
Griepentrog et al. (2019),,Vepris uguenensis,Y,37.686,-3.323,,Rutaceae,,A,D,Shrub,C3,,Lake Challa,Kenya,East,Africa,0,0.012,0.171,0.455,0.363,0,31.367,9.25,,
Griepentrog et al. (2019),,Vepris uguenensis,Y,37.683,-3.306,,Rutaceae,,A,D,Shrub,C3,,Lake Challa,Tanzania,East,Africa,0.018,0.018,0.146,0.47,0.344,0.004,31.232,7.99,,
Griepentrog et al. (2019),,Vepris uguenensis,Y,37.683,-3.306,,Rutaceae,,A,D,Shrub,C3,,Lake Challa,Tanzania,East,Africa,0.011,0.018,0.174,0.274,0.518,0.005,31.57,6.04,,
Griepentrog et al. (2019),,Vepris uguenensis,Y,37.683,-3.306,,Rutaceae,,A,D,Shrub,C3,,Lake Challa,Tanzania,East,Africa,0.01,0.012,0.105,0.465,0.404,0.004,31.506,7.95,,
Griepentrog et al. (2019),,Vepris uguenensis,Y,37.683,-3.306,,Rutaceae,,A,D,Shrub,C3,,Lake Challa,Tanzania,East,Africa,0.006,0.013,0.17,0.457,0.348,0.006,31.292,5.64,,
Griepentrog et al. (2019),,Vepris uguenensis,Y,37.683,-3.306,,Rutaceae,,A,D,Shrub,C3,,Lake Challa,Tanzania,East,Africa,0,0.008,0.139,0.443,0.403,0.007,31.524,5.62,,
Griepentrog et al. (2019),,Vepris uguenensis,Y,37.683,-3.306,,Rutaceae,,A,D,Shrub,C3,,Lake Challa,Tanzania,East,Africa,0,0.011,0.122,0.477,0.385,0.004,31.467,6.64,,
Griepentrog et al. (2019),,Vepris uguenensis,Y,37.683,-3.306,,Rutaceae,,A,D,Shrub,C3,,Lake Challa,Tanzania,East,Africa,0,0.018,0.2,0.45,0.331,0,31.159,5.66,,
Griepentrog et al. (2019),,Vepris uguenensis,Y,37.683,-3.306,,Rutaceae,,A,D,Shrub,C3,,Lake Challa,Tanzania,East,Africa,0,0.01,0.103,0.481,0.406,0,31.566,7.43,,
Griepentrog et al. (2019),,Vepris uguenensis,Y,37.683,-3.306,,Rutaceae,,A,D,Shrub,C3,,Lake Challa,Tanzania,East,Africa,0.001,0.007,0.11,0.543,0.332,0.006,31.403,6.32,,
Griepentrog et al. (2019),,Vepris uguenensis,Y,37.683,-3.306,,Rutaceae,,A,D,Shrub,C3,,Lake Challa,Tanzania,East,Africa,0.001,0.007,0.11,0.543,0.332,0.006,31.403,6.32,,
Griepentrog et al. (2019),,Vepris uguenensis,Y,37.683,-3.306,,Rutaceae,,A,D,Shrub,C3,,Lake Challa,Tanzania,East,Africa,0,0,0.251,0.409,0.34,0,31.178,NaN,,
Griepentrog et al. (2019),,Vepris uguenensis,Y,37.683,-3.306,,Rutaceae,,A,D,Shrub,C3,,Lake Challa,Tanzania,East,Africa,0,0,0.104,0.475,0.421,0,31.634,9.91,,
Griepentrog et al. (2019),,Vepris uguenensis,Y,37.683,-3.306,,Rutaceae,,A,D,Shrub,C3,,Lake Challa,Tanzania,East,Africa,0,0,0.081,0.431,0.489,0,31.847,9.55,,
Griepentrog et al. (2019),,Ximenia americana,Y,37.683,-3.306,,Olacaceae,,A,D,Shrub,C3,,Lake Challa,Tanzania,East,Africa,0.005,0.17,0.815,0.008,0.002,0,28.664,9.16,,
Griepentrog et al. (2019),,Ximenia americana,Y,37.683,-3.306,,Olacaceae,,A,D,Shrub,C3,,Lake Challa,Tanzania,East,Africa,0.007,0.173,0.808,0.01,0.002,0,28.654,8.32,,
Griepentrog et al. (2019),,Ximenia americana,Y,37.683,-3.306,,Olacaceae,,A,D,Shrub,C3,,Lake Challa,Tanzania,East,Africa,0.008,0.166,0.806,0.016,0.005,0,28.717,8.75,,
Griepentrog et al. (2019),,Ximenia americana,Y,37.683,-3.306,,Olacaceae,,A,D,Shrub,C3,,Lake Challa,Tanzania,East,Africa,0.002,0.011,0.385,0.571,0.03,0.001,30.238,13.29,,
Griepentrog et al. (2019),,Ximenia americana,Y,37.683,-3.306,,Olacaceae,,A,D,Shrub,C3,,Lake Challa,Tanzania,East,Africa,0,0.034,0.366,0.545,0.045,0.01,30.262,5.49,,
Griepentrog et al. (2019),,Ximenia americana,Y,37.683,-3.306,,Olacaceae,,A,D,Shrub,C3,,Lake Challa,Tanzania,East,Africa,0.001,0.01,0.363,0.593,0.032,0.001,30.296,13.64,,
Griepentrog et al. (2019),,Ximenia americana,Y,37.683,-3.306,,Olacaceae,,A,D,Shrub,C3,,Lake Challa,Tanzania,East,Africa,0,0.307,0.684,0.008,0,0,28.373,9.63,,
Griepentrog et al. (2019),,Ximenia americana,Y,37.683,-3.306,,Olacaceae,,A,D,Shrub,C3,,Lake Challa,Tanzania,East,Africa,0,0.3,0.666,0.024,0.01,0,28.488,7.33,,
Griepentrog et al. (2019),,Ximenia americana,Y,37.683,-3.306,,Olacaceae,,A,D,Shrub,C3,,Lake Challa,Tanzania,East,Africa,0,0.331,0.644,0.025,0,0,28.388,3.91,,
Griepentrog et al. (2019),,Ximenia americana,Y,37.683,-3.306,,Olacaceae,,A,D,Shrub,C3,,Lake Challa,Tanzania,East,Africa,0,0.035,0.369,0.55,0.045,0,30.181,NaN,,
Griepentrog et al. (2019),,Ximenia americana,Y,37.683,-3.306,,Olacaceae,,A,D,Shrub,C3,,Lake Challa,Tanzania,East,Africa,0,0.035,0.369,0.55,0.045,0,30.181,NaN,,
Griepentrog et al. (2019),,Ximenia americana,Y,37.683,-3.306,,Olacaceae,,A,D,Shrub,C3,,Lake Challa,Tanzania,East,Africa,0,0.035,0.369,0.55,0.045,0,30.181,NaN,,
Kristen et al. (2010),,Acacia karroo ,Y,28.08,-25.408,,Fabaceae,,A,D,Shrub,C3,,,South Africa,South,Africa,0.089,0.202,0.468,0.242,0,0,28.753,NaN,,
Kristen et al. (2010),,Acacia tortilis,Y,28.08,-25.408,,Fabaceae,,A,D,Shrub,C3,,,South Africa,South,Africa,0.012,0.102,0.8,0.085,0,0,28.889,NaN,,
Kristen et al. (2010),,Acacia robusta,Y,28.08,-25.408,,Fabaceae,,A,D,Shrub,C3,,,South Africa,South,Africa,0.04,0.126,0.429,0.323,0.081,0,29.529,NaN,,
Sonibare et al. (2007),,Anthocleista djalonensis,Y,3.947,7.3775,,Loganiaceae,,A,D,Shrub,C3,,Ibadan Oyo State,Nigeria,West,Africa,0.534,0.023,0.026,0.088,0.237,0.093,28.529,2.61,,
Sonibare et al. (2007),,Anthocleista nobilis,Y,3.947,7.3775,,Loganiaceae,,A,D,Shrub,C3,,Ibadan Oyo State,Nigeria,West,Africa,0.251,0.051,0.046,0.069,0.181,0.402,31.168,0.68,,
Sonibare et al. (2007),,Anthocleista vogelii,Y,3.947,7.3775,,Loganiaceae,,A,D,Shrub,C3,,Ibadan Oyo State,Nigeria,West,Africa,0.329,0.036,0.028,0.05,0.424,0.133,30.206,2.08,,
This Study,KU587,Salvadora persica 2001 October 06,Y,37.528,0.5683,,Salvadoraceae,,A,D,Shrub,C3,,SNR,Kenya,East,Africa,0.0508,0.1329,0.2082,0.512,0.0908,0.0052,29.9496,7.982,,
This Study,KU605,Salsola dendroides 2001 October 10,N,37.528,0.5683,,Amaranthaceae,,A,D,Shrub,C4,,SNR,Kenya,East,Africa,0.5139,0.3704,0.1043,0.0094,0.002,0,26.2303,10.86,,
This Study,KU606,Salsola dendroides 2001 November 5,N,37.528,0.5683,,Amaranthaceae,,A,D,Shrub,C4,,SNR,Kenya,East,Africa,0.5367,0.3731,0.0836,0.0056,0.001,0,26.1223,6.556,,
This Study,KU607,Salsola dendroides 2001 December 3,N,37.528,0.5683,,Amaranthaceae,,A,D,Shrub,C4,,SNR,Kenya,East,Africa,0.4103,0.3852,0.1412,0.0552,0.0075,0.0008,26.7334,9.835,,
This Study,KU608,Salsola dendroides 2002 January 9,N,37.528,0.5683,,Amaranthaceae,,A,D,Shrub,C4,,SNR,Kenya,East,Africa,0.4877,0.3079,0.1551,0.0434,0.0055,0.0003,26.5443,13.777,,
This Study,KU609,Salsola dendroides 2002 February 7,N,37.528,0.5683,,Amaranthaceae,,A,D,Shrub,C4,,SNR,Kenya,East,Africa,0.5709,0.308,0.1041,0.0148,0.0022,0,26.1389,13.396,,
This Study,KU610,Salsola dendroides 2002 March 2,N,37.528,0.5683,,Amaranthaceae,,A,D,Shrub,C4,,SNR,Kenya,East,Africa,0.5026,0.3356,0.1385,0.0186,0.0046,0,26.3739,3.399,,
This Study,KU611,Salsola dendroides 2002 April 14,N,37.528,0.5683,,Amaranthaceae,,A,D,Shrub,C4,,SNR,Kenya,East,Africa,0.2588,0.2577,0.2379,0.2073,0.0372,0.0011,28.0195,5.316,,
This Study,KU612,Salsola dendroides 2002 May 7,N,37.528,0.5683,,Amaranthaceae,,A,D,Shrub,C4,,SNR,Kenya,East,Africa,0.2766,0.3044,0.206,0.1815,0.0309,0.0006,27.7748,8.077,,
This Study,KU613,Salsola dendroides 2002 June 2,N,37.528,0.5683,,Amaranthaceae,,A,D,Shrub,C4,,SNR,Kenya,East,Africa,0.4685,0.3811,0.1133,0.0296,0.0057,0.0018,26.4567,5.924,,
This Study,KU614,Salsola dendroides 2002 July 5,N,37.528,0.5683,,Amaranthaceae,,A,D,Shrub,C4,,SNR,Kenya,East,Africa,0.4505,0.4019,0.1307,0.0123,0.0037,0.0009,26.4391,7.401,,
This Study,KU615,Salsola dendroides 2002 August 2,N,37.528,0.5683,,Amaranthaceae,,A,D,Shrub,C4,,SNR,Kenya,East,Africa,0.5631,0.3159,0.1074,0.0115,0.0022,0,26.1476,7.906,,
This Study,KU619,Grewia tenax 2001 October 6,N,37.528,0.5683,,Malvaceae,,A,D,Shrub,C3,,SNR,Kenya,East,Africa,0.1962,0.1306,0.4109,0.2489,0.0133,0,28.505,8.04,,
This Study,KU620,Grewia tenax 2001 November 1,N,37.528,0.5683,,Malvaceae,,A,D,Shrub,C3,,SNR,Kenya,East,Africa,0.1743,0.19,0.4186,0.2015,0.0156,0,28.3883,5.339,,
This Study,KU621,Grewia tenax 2001 December 4,N,37.528,0.5683,,Malvaceae,,A,D,Shrub,C3,,SNR,Kenya,East,Africa,0.0984,0.0454,0.4016,0.416,0.0358,0.0028,29.5074,4.051,,
This Study,KU622,Grewia tenax 2002 January 5,N,37.528,0.5683,,Malvaceae,,A,D,Shrub,C3,,SNR,Kenya,East,Africa,0.1358,0.0933,0.3714,0.3685,0.0288,0.0021,29.1349,17.578,,
This Study,KU623,Grewia tenax 2002 February 5,N,37.528,0.5683,,Malvaceae,,A,D,Shrub,C3,,SNR,Kenya,East,Africa,0.0747,0.1384,0.4123,0.3489,0.0247,0.001,29.2272,8.238,,
This Study,KU624,Grewia tenax 2002 March 1,N,37.528,0.5683,,Malvaceae,,A,D,Shrub,C3,,SNR,Kenya,East,Africa,0.2451,0.2294,0.2752,0.2292,0.0196,0.0016,28.107,2.432,,
This Study,KU625,Grewia tenax 2002 April 7,N,37.528,0.5683,,Malvaceae,,A,D,Shrub,C3,,SNR,Kenya,East,Africa,0.2158,0.2211,0.3007,0.2365,0.0236,0.0023,28.2764,2.466,,
This Study,KU626,Grewia tenax 2002 May 5,N,37.528,0.5683,,Malvaceae,,A,D,Shrub,C3,,SNR,Kenya,East,Africa,0.2857,0.2248,0.2156,0.2446,0.0272,0.0021,28.0182,2.038,,
This Study,KU627,Grewia tenax 2002 June 2,N,37.528,0.5683,,Malvaceae,,A,D,Shrub,C3,,SNR,Kenya,East,Africa,0.373,0.2243,0.1794,0.1992,0.0224,0.0018,27.5584,1.888,,
This Study,KU628,Grewia tenax 2002 July 2,N,37.528,0.5683,,Malvaceae,,A,D,Shrub,C3,,SNR,Kenya,East,Africa,0.3092,0.2013,0.217,0.2459,0.0251,0.0015,27.9618,2.606,,
This Study,KU629,Grewia tenax 2002 August 2,N,37.528,0.5683,,Malvaceae,,A,D,Shrub,C3,,SNR,Kenya,East,Africa,0.2085,0.2345,0.2871,0.2367,0.0296,0.0036,28.3103,2.599,,
This Study,KU689,Hypoestes verticillaris 2001 October 6,Y,37.528,0.5683,,Acanthaceae,,A,D,Shrub,C3,,SNR,Kenya,East,Africa,0.0234,0.0659,0.6606,0.2423,0.0078,0,29.2905,11.369,,
This Study,KU690,Hypoestes verticillaris 2002 May 5,Y,37.528,0.5683,,Acanthaceae,,A,D,Shrub,C3,,SNR,Kenya,East,Africa,0.1486,0.2129,0.4165,0.2057,0.0137,0.0027,28.4624,2.813,,
This Study,KU691,Hypoestes verticillaris 2002 June 2,Y,37.528,0.5683,,Acanthaceae,,A,D,Shrub,C3,,SNR,Kenya,East,Africa,0.0837,0.1478,0.5069,0.2439,0.0158,0.0019,28.932,5.434,,
This Study,KU692,Cadaba farinosa 2001 October 6,Y,37.528,0.5683,,Capparaceae,,A,D,Shrub,C3,,SNR,Kenya,East,Africa,0.0116,0.03,0.1141,0.373,0.4603,0.0109,31.5464,7.468,,
This Study,KU693,Cadaba farinosa 2002 May 5,Y,37.528,0.5683,,Capparaceae,,A,D,Shrub,C3,,SNR,Kenya,East,Africa,0.0269,0.0385,0.0593,0.302,0.5608,0.0124,31.7371,5.687,,
This Study,KU694,Cadaba farinosa 2002 June 2,Y,37.528,0.5683,,Capparaceae,,A,D,Shrub,C3,,SNR,Kenya,East,Africa,0.0167,0.0252,0.0401,0.3271,0.5821,0.0087,31.9176,6.661,,
This Study,KU695,Combretum spp. 2001 October 10,Y,37.528,0.5683,,Combretaceae,,A,D,Shrub,C3,,SNR,Kenya,East,Africa,0.3414,0.1478,0.4042,0.1004,0.0062,0,27.5643,3.199,,
This Study,KU696,Combretum spp. 2001 December 3,Y,37.528,0.5683,,Combretaceae,,A,D,Shrub,C3,,SNR,Kenya,East,Africa,0.1112,0.0816,0.3481,0.4112,0.0434,0.0045,29.4146,5.014,,
This Study,KU697,Abutilon longicuspis 2001 October 6,Y,37.528,0.5683,,Malvaceae,,A,D,Shrub,C3,,SNR,Kenya,East,Africa,0.0223,0.137,0.2456,0.439,0.1488,0.0074,30.154,12.393,,
This Study,KU698,Abutilon longicuspis 2002 May 5,Y,37.528,0.5683,,Malvaceae,,A,D,Shrub,C3,,SNR,Kenya,East,Africa,0.0658,0.145,0.2368,0.3871,0.1494,0.016,29.9141,4.898,,
This Study,KU699,Abutilon longicuspis 2002 June 2,Y,37.528,0.5683,,Malvaceae,,A,D,Shrub,C3,,SNR,Kenya,East,Africa,0.0363,0.2043,0.2479,0.3819,0.1209,0.0087,29.7457,7.06,,
This Study,KU700,Cordia sinensis 2001 October 6,Y,37.528,0.5683,,Boraginaceae,,A,D,Shrub,C3,,SNR,Kenya,East,Africa,0.1021,0.2254,0.5747,0.082,0.012,0.0037,28.375,5.025,,
This Study,KU701,Cordia sinensis 2002 May 5,Y,37.528,0.5683,,Boraginaceae,,A,D,Shrub,C3,,SNR,Kenya,East,Africa,0.2632,0.2111,0.439,0.0776,0.0069,0.0023,27.7217,3.22,,
This Study,KU702,Cordia sinensis 2002 June 2,Y,37.528,0.5683,,Boraginaceae,,A,D,Shrub,C3,,SNR,Kenya,East,Africa,0.2687,0.2163,0.4337,0.0768,0.0045,0,27.6642,3.101,,
This Study,KU703,Maerua crassifolia 2001 October 6,Y,37.528,0.5683,,Capparaceae,,A,D,Shrub,C3,,SNR,Kenya,East,Africa,0.0062,0.0081,0.1013,0.808,0.076,0.0003,30.8805,10.56,,
This Study,KU704,Maerua crassifolia 2002 May 5,Y,37.528,0.5683,,Capparaceae,,A,D,Shrub,C3,,SNR,Kenya,East,Africa,0.0141,0.015,0.1466,0.7754,0.0485,0.0004,30.6609,7.485,,
This Study,KU705,Maerua crassifolia 2002 June 2,Y,37.528,0.5683,,Capparaceae,,A,D,Shrub,C3,,SNR,Kenya,East,Africa,0.0276,0.0198,0.1192,0.7859,0.0471,0.0004,30.6125,6.752,,
This Study,KU706,Lawsonia inermis 2001 October 6,Y,37.528,0.5683,,Lythraceae,,A,D,Shrub,C3,,SNR,Kenya,East,Africa,0.2946,0.2295,0.2297,0.2111,0.0351,0,27.9253,11.766,,
This Study,KU707,Lawsonia inermis 2002 May 5,Y,37.528,0.5683,,Lythraceae,,A,D,Shrub,C3,,SNR,Kenya,East,Africa,0.1391,0.1801,0.2013,0.3583,0.1197,0.0014,29.2872,4.062,,
This Study,KU708,Lawsonia inermis 2002 June 2,Y,37.528,0.5683,,Lythraceae,,A,D,Shrub,C3,,SNR,Kenya,East,Africa,0.3666,0.1844,0.1081,0.2288,0.1111,0.001,28.0729,2.642,,
This Study,KU805,Boscia senegalensis,Y,7.951042,16.990325,,Capparaceae,,A,D,Shrub,C3,,,Niger,West,Africa,0.1191,0.3757,0.3949,0.0421,0.0478,0.0205,28.1708,4.741,,
This Study,KU812,Calotropis procea,Y,7.951042,16.990325,,Apocynaceae,,A,D,Shrub,C3,,,Niger,West,Africa,0.0343,0.0072,0.356,0.5278,0.0664,0.0084,30.2202,6.785,,
This Study,KU816,Bauhinia rufescens,Y,7.951042,16.990325,,Fabaceae,,A,D,Shrub,C3,,,Niger,West,Africa,0.0417,0.0494,0.3615,0.5119,0.0344,0.0012,29.9032,7.286,,
This Study,KU839,Aerva lanata,Y,7.532757,16.400736,,Amaranthaceae,,A,D,Shrub,C3,,,Niger,West,Africa,0.0111,0.0367,0.1822,0.6181,0.142,0.0099,30.7459,8.29,,
This Study,KU840,Commicarpus sp. (?),Y,7.532757,16.400736,,Nyctaginaceae,,A,D,Shrub,C4,,,Niger,West,Africa,0.1127,0.1086,0.1128,0.5862,0.0761,0.0037,29.8308,9.876,,
This Study,KU850,Commicarpus sp.,Y,9.506802,16.931249,,Nyctaginaceae,,A,D,Shrub,C4,,,Niger,West,Africa,0.1329,0.144,0.1225,0.5226,0.0707,0.0072,29.5513,8.15,,
Tweedy et al. (2025),KU1072,Allophylus africanus,,34.86934,0.34796,1576,Sapindaceae,,A,D,Shrub,C3,KAK.OPEN,Kakamega,Kenya,East,Africa,0.041457387,0.032123744,0.532562864,0.38562033,0.008235676,0,29.57410633,9.416459575,,
Tweedy et al. (2025),KU1005,Antherotoma senegambiensis,,34.869,0.348,1576,Melastomataceae,,A,D,Shrub,C3,KAK.OPEN,Kakamega,Kenya,East,Africa,0.016264307,0.106633388,0.350145353,0.439192956,0.087644366,0.00011963,29.95135716,6.661115211,,
Tweedy et al. (2025),KU1004,Dissotis canescens,,34.869,0.348,1576,Melastomataceae,,A,D,Shrub,C3,KAK.OPEN,Kakamega,Kenya,East,Africa,0.041015907,0.053252475,0.080204866,0.537497556,0.287502038,0.000527158,30.95759764,11.04731223,,
Tweedy et al. (2025),KU1107,Dracena fragrans,,34.86234,0.35295,1601,Dracenaceae,,A,M,Shrub,C3,KAK.ROAD,Kakamega,Kenya,East,Africa,0.003483974,0.053075371,0.499645624,0.425047145,0.018747886,0,29.8049992,21.52175632,,
Tweedy et al. (2025),KU1128,Dracena steudneri,,34.86205,0.35295,1601,Dracenaceae,,A,M,Shrub,C3,KAK.MWANZA,Kakamega,Kenya,East,Africa,0.370785938,0.33670662,0.17770227,0.108743839,0.006061332,0,27.08517601,16.37066385,,
Tweedy et al. (2025),KU1114,Gen et sp. indet,,34.86961,0.34814,1572,Lameaceae,,A,D,Shrub,C3,KAK.OPEN.002T,Kakamega,Kenya,East,Africa,0.039022888,0.041430633,0.285912291,0.342919372,0.257722411,0.032992405,30.67573,5.816656804,,
Tweedy et al. (2025),KU1117,Gen et sp. indet,,34.86961,0.34814,1572,Melastomataceae,,A,D,Shrub,C3,KAK.OPEN.002T,Kakamega,Kenya,East,Africa,0.007329447,0.023588203,0.255315942,0.479401374,0.233982736,0.000382298,30.82053328,9.081276319,,
Tweedy et al. (2025),KU1121,Helichrysum sp.,,34.8696,0.34801,1572,Asteraceae,,A,D,Shrub,C3,KAK.OPEN.004.G,Kakamega,Kenya,East,Africa,0.002892225,0.007453992,0.063062066,0.384536065,0.274019219,0.268036433,32.44689072,13.99353751,,
Tweedy et al. (2025),KU1008,Hibiscus cannabinus,,34.869,0.348,1576,Malvaceae,,A,D,Shrub,C3,KAK.OPEN,Kakamega,Kenya,East,Africa,0.001472737,0.012205816,0.105782019,0.650271832,0.228997813,0.001269783,31.19385104,6.256074307,,
Tweedy et al. (2025),KU1007,Maesa lanceolata,,34.869,0.348,1576,Primulaceae,,A,D,Shrub,C3,KAK.OPEN,Kakamega,Kenya,East,Africa,0.024249373,0.042611395,0.909435969,0.023519298,0.000183965,0,28.86555418,29.0062178,,
Tweedy et al. (2025),KU1124,Pentas sp.,,34.86968,0.34809,1572,Rubiaceae,,A,D,Shrub,C3,KAK.OPEN.005.T,Kakamega,Kenya,East,Africa,0.034656264,0.227550121,0.623011346,0.107845858,0.006206422,0.000729989,28.65117204,8.626230318,,
Tweedy et al. (2025),KU1133,Phyllanthus odontadenius,,34.86934,0.34796,1576,Phyllanthaceae,,A,D,Shrub,C3,KAK.OPEN,Kakamega,Kenya,East,Africa,0.055800017,0.156791217,0.337375355,0.354371509,0.088389006,0.007272895,29.56915391,7.748232933,,
Tweedy et al. (2025),KU1122,Phyllanthus sp.,,34.8696,0.34801,1572,Phyllanthaceae,,A,D,Shrub,C3,KAK.OPEN.004.G,Kakamega,Kenya,East,Africa,0.036757186,0.060194132,0.128021046,0.472814355,0.29464722,0.007566061,30.90219695,7.246318638,,
Tweedy et al. (2025),KU1070,Rubus apetalus,,34.86934,0.34796,1576,Rosaceae,,A,D,Shrub,C3,KAK.OPEN,Kakamega,Kenya,East,Africa,0.075350887,0.174262693,0.534842661,0.190738258,0.014246601,0.010558901,28.85188739,6.094118034,,
Tweedy et al. (2025),KU1069,Sesbania sesban,,34.86934,0.34796,1576,Fabaceae,,A,D,Shrub,C3,KAK.OPEN,Kakamega,Kenya,East,Africa,0.328890254,0.233582185,0.437527561,0,0,0,27.21727461,3.841651182,,
Tweedy et al. (2025),KU1111,Trimfetta sp.,,34.869,0.34808,1572,Malvaceae,,A,D,Shrub,C3,KAK.OPEN.001G,Kakamega,Kenya,East,Africa,0.011295021,0.01685733,0.2395689,0.621568899,0.108004984,0.002704867,30.61249219,15.04145333,,
Tweedy et al. (2025),KU988,Tristemma mauritanium,,34.869,0.348,1576,Melistomataceae,,A,D,Shrub,C3,KAK.FOREST,Kakamega,Kenya,East,Africa,0.004362088,0.036522165,0.233070163,0.51381272,0.212232863,0,30.78606421,7.10968879,,
Tweedy et al. (2025),KU1006,Urena lobata,,34.869,0.348,1576,Malvaceae,,A,D,Shrub,C3,KAK.OPEN,Kakamega,Kenya,East,Africa,0.004621128,0.013189907,0.099171269,0.527065229,0.350531814,0.005420653,31.44391731,9.626460852,,
Tweedy et al. (2025),KU1126,Vernonia amygdalina,,34.86968,0.34809,1572,Asteraceae,,A,D,Shrub,C3,KAK.OPEN.005.T,Kakamega,Kenya,East,Africa,0.024747234,0.091582982,0.451184387,0.417023915,0.014731061,0.000730421,29.6151997,12.9807163,,
Tweedy et al. (2025),KU1063,Vernonia auriculifera,,34.86934,0.34796,1576,Asteraceae,,A,D,Shrub,C3,KAK.OPEN,Kakamega,Kenya,East,Africa,0.020375521,0.02130351,0.177379874,0.668630745,0.10762111,0.00468924,30.67177226,16.52347668,,
Tweedy et al. (2025),KU1064,Vernonia auriculifera,,34.86934,0.34796,1576,Asteraceae,,A,D,Shrub,C3,KAK.OPEN,Kakamega,Kenya,East,Africa,0.049926874,0.076646805,0.355004473,0.510542659,0.00787919,0,29.69960097,13.19414616,,
Tweedy et al. (2025),KU972, Flacourtia indica,,37.154,-0.174,2485,Saliaceae,,A,D,Shrub,C3,MTK.MONT,Mount Kenya,Kenya,East,Africa,0.002359323,0.067767971,0.50118847,0.420533421,0.007985176,0.000165639,29.72902815,14.79834891,,
Tweedy et al. (2025),KU1179, Lobelia sp.,,37.22313,-0.1684,3225,Lobeliaceae,,A,D,Shrub,C3,MTK.HAG,Mount Kenya,Kenya,East,Africa,0.098223633,0.3182275,0.366701206,0.212740614,0.003721488,0.000385558,28.413331,11.53557878,,
Tweedy et al. (2025),KU1087,Alchemilla argyrophylla,,37.22752,-0.16747,3384,Rosaceae,,A,D,Shrub,C3,MTK.ERI,Mount Kenya,Kenya,East,Africa,0.004836052,0.030420807,0.098444992,0.284698419,0.526472202,0.055127527,31.92586498,99.24904983,,
Tweedy et al. (2025),KU1187,Alchemilla fischeri,,37.2356,-0.16725,3608,Rosaceae,,A,D,Shrub,C3,MTK.MOOR.001,Mount Kenya,Kenya,East,Africa,0.025589173,0.025325175,0.027754587,0.066148656,0.426968315,0.428214094,33.25644809,33.70781908,,
Tweedy et al. (2025),KU1170,Alchemilla fischeri,,37.22313,-0.1684,3225,Rosaceae,,A,D,Shrub,C3,MTK.HAG,Mount Kenya,Kenya,East,Africa,0.01832141,0.028727677,0.043097534,0.087623161,0.451966263,0.370263955,33.07395411,76.65309263,,
Tweedy et al. (2025),KU1145,Alchemilla johnstonii,,37.22909,-0.16738,3424,Rosaceae,,A,D,Shrub,C3,MTK.ERI,Mount Kenya,Kenya,East,Africa,0.004698994,0.02419953,0.096379635,0.316936942,0.531942675,0.025842224,31.84950289,56.18665444,,
Tweedy et al. (2025),KU1146,Alchemilla johnstonii,,37.22909,-0.16738,3424,Rosaceae,,A,D,Shrub,C3,MTK.MOOR.001,Mount Kenya,Kenya,East,Africa,0.004131038,0.027662446,0.112139708,0.332875537,0.498344169,0.024847103,31.73636132,56.78175272,,
Tweedy et al. (2025),KU1135,Bothriocline fusca,,37.15358,-0.17368,2485,Asteraceae,,A,D,Shrub,C3,MTK.MONT.001,Mount Kenya,Kenya,East,Africa,0.039223965,0.153075301,0.326400596,0.388299191,0.082439985,0.010560962,29.70667763,16.54243016,,
Tweedy et al. (2025),KU1177,Bothriocline fusca,,37.22313,-0.1684,3225,Asteraceae,,A,D,Shrub,C3,MTK.HAG,Mount Kenya,Kenya,East,Africa,0.012112521,0.123618458,0.401845314,0.410538056,0.048925174,0.002960476,29.73885267,20.02419875,,
Tweedy et al. (2025),KU1075,Bothriocline fusca,,37.15358,-0.17368,2485,Asteraceae,,A,D,Shrub,C3,MTK.MONT,Mount Kenya,Kenya,East,Africa,0.029740749,0.110098601,0.361379032,0.446716391,0.050458241,0.001606986,29.76574747,25.59065385,,
Tweedy et al. (2025),KU1085,Bothriocline fusca,,37.22752,-0.16747,3384,Asteraceae,,A,D,Shrub,C3,MTK.ERI,Mount Kenya,Kenya,East,Africa,0.00611242,0.056710438,0.399235493,0.488786408,0.047686084,0.001469157,30.03926154,35.10369552,,
Tweedy et al. (2025),KU1020,Conyza newii,,37.154,-0.174,2485,Asteraceae,,A,D,Shrub,C3,MTK.MONT,Mount Kenya,Kenya,East,Africa,0.015108979,0.04561969,0.116312915,0.513833884,0.299106919,0.010017613,31.13252582,7.161026156,,
Tweedy et al. (2025),KU1096,Conyza newii,,37.22752,-0.16747,3384,Asteraceae,,A,D,Shrub,C3,MTK.ERI,Mount Kenya,Kenya,East,Africa,0.017548063,0.042410651,0.11187019,0.573683989,0.248050046,0.006437061,31.02317698,9.136619302,,
Tweedy et al. (2025),KU1150,Conyza ruwenzoriensis,,37.22909,-0.16738,3424,Asteraceae,,A,D,Shrub,C3,MTK.ERI,Mount Kenya,Kenya,East,Africa,0.005678085,0.014662038,0.072911569,0.611975247,0.286559379,0.008213681,31.36743368,8.400041135,,
Tweedy et al. (2025),KU1144,Conyza vernonioides,,37.22909,-0.16738,3424,Asteraceae,,A,D,Shrub,C3,MTK.ERI,Mount Kenya,Kenya,East,Africa,0.008351996,0.018254496,0.120227021,0.689473808,0.163025341,0.000667339,30.96513604,9.233713698,,
Tweedy et al. (2025),KU1098,Conyza vernonioides,,37.22752,-0.16747,3384,Asteraceae,,A,D,Shrub,C3,MTK.ERI,Mount Kenya,Kenya,East,Africa,0.012188234,0.018624161,0.121641924,0.664343623,0.182592394,0.000609664,30.97671355,7.486890857,,
Tweedy et al. (2025),KU1140,Dendrosenecio sp.,,37.2356,-0.16725,3608,Asteraceae,,A,D,Shrub,C3,MTK.MOOR.001,Mount Kenya,Kenya,East,Africa,0.03151486,0.144492698,0.421358813,0.32520119,0.074040824,0.003391615,29.55187053,23.25121367,,
Tweedy et al. (2025),KU1152,Dendrosenecio sp.,,37.22909,-0.16738,3424,Asteraceae,,A,D,Shrub,C3,MTK.ERI,Mount Kenya,Kenya,East,Africa,0.030189116,0.105667951,0.369482282,0.398408991,0.093057493,0.003194166,29.85612059,38.91852175,,
Tweedy et al. (2025),KU1097,Discopodium eremanthum,,37.22752,-0.16747,3384,Solanaceae,,A,D,Shrub,C3,MTK.ERI,Mount Kenya,Kenya,East,Africa,0.066003447,0.177100767,0.477709527,0.247702925,0.024075386,0.007407948,29.01793976,23.53455205,,
Tweedy et al. (2025),KU1019,Droguetia iners,,37.154,-0.174,2485,Urticaceae,,A,D,Shrub,C3,MTK.MONT,Mount Kenya,Kenya,East,Africa,0.021631585,0.042693647,0.219066687,0.624841784,0.090788235,0.000978061,30.44679124,14.7771078,,
Tweedy et al. (2025),KU1021,Ekebergia capensis,,37.154,-0.174,2485,Meliaceae,,A,D,Shrub,C3,MTK.MONT,Mount Kenya,Kenya,East,Africa,0.0286377,0.073551116,0.266874416,0.543935551,0.087001216,0,30.17422293,9.135669318,,
Tweedy et al. (2025),KU1164,Embelia schimperi,,37.199984,-0.17406,,Primulaceae,,A,D,Shrub,C3,MTK.BAMBZ,Mount Kenya,Kenya,East,Africa,0.011918134,0.042963727,0.479304366,0.43756987,0.028169326,7.45773E-05,29.85466452,10.40039831,,
Tweedy et al. (2025),KU1148,Erica c.f. arborea,,37.22909,-0.16738,3424,Ericaceae,,A,D,Shrub,C3,MTK.ERI,Mount Kenya,Kenya,East,Africa,0.013750178,0.049630682,0.25941594,0.560103855,0.10875465,0.008344696,30.45103241,5.286379303,,
Tweedy et al. (2025),KU1147,Erica sp.,,37.22909,-0.16738,3424,Ericaceae,,A,D,Shrub,C3,MTK.ERI,Mount Kenya,Kenya,East,Africa,0.00365449,0.085149849,0.287308493,0.377163816,0.245067147,0.001656206,30.55961579,12.84690825,,
Tweedy et al. (2025),KU1084,Erica ventricosa,,37.22752,-0.16747,3384,Ericaceae,,A,D,Shrub,C3,MTK.ERI,Mount Kenya,Kenya,East,Africa,0.002970766,0.128635017,0.422508534,0.334131482,0.111754201,0,29.84612667,15.17017748,,
Tweedy et al. (2025),KU1015,Euphorbia engleri,,37.154,-0.174,2485,Euphorbiaceae,,A,D,Shrub,C3,MTK.MONT,Mount Kenya,Kenya,East,Africa,0.001978585,0.026050609,0.401777118,0.44619479,0.116414616,0.007584281,30.34353818,24.49712592,,
Tweedy et al. (2025),KU1184,Euphorbia engleri,,37.2356,-0.16725,3608,Eurphobiaceae,,A,D,Shrub,C3,MTK.MOOR.001,Mount Kenya,Kenya,East,Africa,0.004539815,0.041800495,0.38324589,0.486302086,0.082438239,0.001673476,30.21063773,25.0988757,,
Tweedy et al. (2025),KU998,Galiniera saxifraga,,37.154,-0.174,2485,Rubiaceae,,A,D,Shrub,C3,MTK.MONT,Mount Kenya,Kenya,East,Africa,0.042198993,0.293436666,0.634230176,0.030134166,0,0,28.30459903,9.63411002,,
Tweedy et al. (2025),KU1100,Helichrysum argyranthum,,37.22752,-0.16747,3384,Asteraceae,,A,D,Shrub,C3,MTK.ERI,Mount Kenya,Kenya,East,Africa,0.006285193,0.023993577,0.256126571,0.530805369,0.146045436,0.036743855,30.79312768,17.05101978,,
Tweedy et al. (2025),KU1154,Helichrysum forskahlii,,37.22909,-0.16738,3424,Asteraceae,,A,D,Shrub,C3,MTK.ERI,Mount Kenya,Kenya,East,Africa,0.013758399,0.023522427,0.10949266,0.360271626,0.264042058,0.22891283,32.04811001,16.28031149,,
Tweedy et al. (2025),KU1090,Helichrysum forskahlii,,37.22752,-0.16747,3384,Asteraceae,,A,D,Shrub,C3,MTK.ERI,Mount Kenya,Kenya,East,Africa,0.04930338,0.08184109,0.170865188,0.407056266,0.210613927,0.080320149,30.77759343,10.15212473,,
Tweedy et al. (2025),KU1175,Hypericum keniensis,,37.22313,-0.1684,3225,Guttiferae,,A,D,Shrub,C3,MTK.HAG,Mount Kenya,Kenya,East,Africa,0.941204965,0.056143064,0.00206656,0.000585412,0,0,25.12406484,25.03193489,,
Tweedy et al. (2025),KU1142,Lobelia gregoriana ssp. Gregoriana,,37.2356,-0.16725,3608,Campanulaceae,,A,D,Shrub,C3,MTK.MOOR.001,Mount Kenya,Kenya,East,Africa,0.0385176,0.253476626,0.424170248,0.275358152,0.007997946,0.000479428,28.92456101,10.19673589,,
Tweedy et al. (2025),KU971,Pavetta abyssinica,,37.154,-0.174,2485,Rubiaceae ,,A,D,Shrub,C3,MTK.MONT,Mount Kenya,Kenya,East,Africa,0.051140607,0.121574175,0.733597518,0.09047285,0.00321485,0,28.74609432,6.723060593,,
Tweedy et al. (2025),KU1099,Polygonum afromontanum,,37.22752,-0.16747,3384,Polygonaceae,,A,D,Shrub,C3,MTK.ERI,Mount Kenya,Kenya,East,Africa,0.020479983,0.071758054,0.522658354,0.382772159,0.002331449,0,29.54943407,28.66484314,,
Tweedy et al. (2025),KU1172,Polygonum afromontanum,,37.22313,-0.1684,3225,Polygonaceae,,A,D,Shrub,C3,MTK.HAG,Mount Kenya,Kenya,East,Africa,0.042063351,0.077690084,0.600640979,0.278164724,0.00144086,0,29.23845932,41.79675344,,
Tweedy et al. (2025),KU1083,Rubus volkensii,,37.22752,-0.16747,3384,Rosaceae,,A,D,Shrub,C3,MTK.ERI,Mount Kenya,Kenya,East,Africa,0.047062961,0.2152583,0.558695406,0.173190683,0.004783751,0.001008898,28.75280131,10.75777383,,
Tweedy et al. (2025),KU1016,Sambucus africana,,37.154,-0.174,2485,Adoxaceae,,A,D,Shrub,C3,MTK.MONT,Mount Kenya,Kenya,East,Africa,0.106213303,0.121337826,0.503872853,0.263387972,0.005188045,0,28.87999926,8.265824899,,
Tweedy et al. (2025),KU1077,Solanum aculeastrum,,37.15358,-0.17368,2485,Solanaceae,,A,D,Shrub,C3,MTK.MONT,Mount Kenya,Kenya,East,Africa,0.001757615,0.00281526,0.003610698,0.169722607,0.805600135,0.016493685,32.64814688,9.839383998,,
Tweedy et al. (2025),KU1149,Stoebe kilimandagasca,,37.22909,-0.16738,3424,Asteraceae,,A,D,Shrub,C3,MTK.ERI,Mount Kenya,Kenya,East,Africa,0.014219714,0.024180574,0.109397861,0.359657867,0.26501329,0.227530694,32.03931305,15.69164968,,
Tweedy et al. (2025),KU1088,Stoebe kilimandscharica,,37.22752,-0.16747,3384,Asteraceae,,A,D,Shrub,C3,MTK.ERI,Mount Kenya,Kenya,East,Africa,0.043504283,0.088058894,0.296871547,0.471306371,0.091660516,0.008598388,30.01071021,5.889124858,,
Vogts et al. (2009),,Crassocephalum mannii,N,37.6656,-6.778,,Asteraceae,,A,D,Shrub,C3,,Morogoro,Tanzania,East,Africa,0.02,0.081,0.128,0.634,0.123,0.013,30.567,10.92,,
Vogts et al. (2009),,Catophractes alexandri,Y,13.767,-18.483,,Bignoniaceae,,A,D,Shrub,C3,,Baobab Corner,Namibia,South,Africa,0.006,0.052,0.242,0.543,0.155,0.002,30.59,14.66,,
Vogts et al. (2009),,Dichrostachys cinerea,Y,13.767,-18.483,,Fabaceae,,A,D,Shrub,C3,,Baobab Corner,Namibia,South,Africa,0.048,0.081,0.211,0.504,0.149,0.007,30.292,17.27,,
Vogts et al. (2009),,Grewia flavescens,Y,13.767,-18.483,,Malvaceae,,A,D,Shrub,C3,,Baobab Corner,Namibia,South,Africa,0.002,0.02,0.392,0.54,0.042,0.004,30.224,14.62,,
Vogts et al. (2009),,Grewia flavescens,Y,16.48,-20.42,,Malvaceae,,A,D,Shrub,C3,,Omatjenni,Namibia,South,Africa,0.004,0.019,0.542,0.416,0.02,0,29.887,30.19,,
Vogts et al. (2009),,Gymnosporia buxifolia,Y,16.48,-20.42,,Celastraceae,,A,D,Shrub,C3,,Omatjenni,Namibia,South,Africa,0.015,0.1,0.211,0.507,0.158,0.009,30.44,7.04,,
Vogts et al. (2009),,Salvadora persica,Y,14.95,-22.7,,Salvadoraceae,,A,D,Shrub,C3,,Welwitschia Plain,Namibia,South,Africa,0.021,0.152,0.256,0.495,0.066,0.01,29.926,3.23,,
Vogts et al. (2009),,Vachellia mellifera,Y,16.48,-20.42,,Fabaceae,,A,D,Shrub,C3,,Omatjenni,Namibia,South,Africa,0.018,0.173,0.176,0.562,0.071,0,29.99,9.34,,
Vogts et al. (2009),,Vachellia nebrownii,Y,16.93,-18.75,,Fabaceae,,A,D,Shrub,C3,,Namatomi,Namibia,South,Africa,0.064,0.259,0.315,0.251,0.104,0.008,29.221,7.56,,
Vogts et al. (2009),,Combretum indicum,Y,1.6,6.08,,Combretaceae,,A,D,Shrub,C3,,Mono River,Benin,West,Africa,0.034,0.026,0.237,0.63,0.073,0.001,30.399,9.36,,
Vogts et al. (2009),,Combretum indicum,Y,2.47,7.03,,Combretaceae,,A,D,Shrub,C3,,"Zou, Cové",Benin,West,Africa,0.004,0.003,0.244,0.668,0.08,0.002,30.675,29.33,,
Vogts et al. (2009),,Combretum molle,Y,1.55,10.07,,Combretaceae,,A,D,Shrub,C3,,"Kouandé, Atakora",Benin,West,Africa,0.059,0.185,0.397,0.226,0.124,0.01,29.431,4.62,,
Vogts et al. (2009),,Ficus thonningii,Y,1.43,10.13,,Moraceae,,A,D,Shrub,C3,,Perma River,Benin,West,Africa,0.047,0.065,0.482,0.361,0.045,0,29.584,6.48,,
Vogts et al. (2009),,Coffea sp.,Y,12.083,-0.8,,Rubiaceae,,A,D,Shrub,C3,,Ogooué River,Gabon,Central,Africa,0.018,0.014,0.552,0.362,0.039,0.015,29.87,15.81,,
Vogts et al. (2009),,Combretum erosum,Y,11.92,-0.68,,Combretaceae,,A,D,Shrub,C3,,Ogooué-Lolo,Gabon,Central,Africa,0.025,0.15,0.696,0.129,0,0,28.858,15.26,,
Vogts et al. (2009),,Combretum indicum,Y,10.4795,-2.976,,Combretaceae,,A,D,Shrub,C3,,Nyanga River,Gabon,Central,Africa,0.003,0.018,0.543,0.387,0.048,0.001,29.924,27.99,,
Vogts et al. (2009),,Englerina gabonensis,Y,10.3667,-3.0167,,Loranthaceae,,A,D,Shrub,C3,,Maambi River,Gabon,Central,Africa,0.003,0.034,0.83,0.132,0,0,29.155,14.8,,
Vogts et al. (2009),,Ficus natalensis subsp. Leprieurii,Y,14.088,1.37,,Moraceae,,A,D,Shrub,C3,,Djoua River,Congo,Central,Africa,0.007,0.033,0.794,0.162,0.003,0,29.213,17.87,,
Vogts et al. (2009),,Oxyanthus unilocularis,Y,10.32,-2.93,,Rubiaceae,,A,D,Shrub,C3,,Nyanga River,Gabon,Central,Africa,0.003,0.012,0.435,0.498,0.051,0.002,30.205,14.15,,
Vogts et al. (2009),,Stipularia africana,Y,13.97,1.012,,Rubiaceae,,A,D,Shrub,C3,,Zadié River,Gabon,Central,Africa,0.076,0.123,0.261,0.418,0.121,0,29.741,15.6,,
Ali et al. (2005),,Balanites aegyptiaca,,30.2176,12.8628,,Zygophyllaceae,,A,D,Tree,C3,,,Sudan,North,Africa,0.069,0.328,0.328,0.172,0.069,0.034,28.892,NaN,,
Ali et al. (2005),,Vachellia mellifera,,30.2176,12.8628,,Fabaceae,,A,D,Tree,C3,,,Sudan,North,Africa,0.077,0.316,0.221,0.279,0.099,0.007,29.027,NaN,,
Ali et al. (2005),,Vachellia senegal,,30.2176,12.8628,,Fabaceae,,A,D,Tree,C3,,,Sudan,North,Africa,0.03,0.115,0.443,0.298,0.094,0.021,29.777,NaN,,
Ali et al. (2005),,Ziziphus spina-christi,,30.2176,12.8628,,Fabaceae,,A,D,Tree,C3,,,Sudan,North,Africa,0.111,0.222,0.211,0.222,0.189,0.044,29.547,NaN,,
Badewien et al. (2015),,n.d.,N,14.355182,-16.7115,,Combretaceae,,A,D,Tree,C3,,,Angola,South,Africa,0.003,0.012,0.597,0.352,0.031,0.004,29.787,14.2,,
Badewien et al. (2015),,Combretum paniculatumVent.,N,14.355182,-16.7115,,Combretaceae,,A,D,Tree,C3,,,Angola,South,Africa,0.014,0.025,0.503,0.415,0.042,0,29.863,13.7,,
Badewien et al. (2015),,Terminalia brachystemma Welw. ex Hiern,N,14.355182,-16.7115,,Combretaceae,,A,D,Tree,C3,,,Angola,South,Africa,0.016,0.103,0.768,0.11,0.003,0,28.962,23.95,,
Badewien et al. (2015),,Brachystegia sp.,N,14.355182,-16.7115,,Fabaceae,,A,D,Tree,C3,,,Angola,South,Africa,0.06,0.219,0.608,0.113,0,0,28.548,8.04,,
Badewien et al. (2015),,Brachystegia wangermeeana De Wild.,N,14.355182,-16.7115,,Fabaceae,,A,D,Tree,C3,,,Angola,South,Africa,0.057,0.209,0.545,0.152,0.037,0,28.806,4.43,,
Badewien et al. (2015),,n.d.,N,14.355182,-16.7115,,Rubiaceae,,A,D,Tree,C3,,,Angola,South,Africa,0.003,0.017,0.307,0.569,0.098,0.007,30.555,39.58,,
Badewien et al. (2015),,Aptosimum lineare Marloth & Engl.,N,14.355182,-16.7115,,Scrophulariaceae,,A,D,Tree,C3,,,Angola,South,Africa,0.063,0.087,0.199,0.417,0.234,0,30.344,4.41,,
Griepentrog et al. (2019),,Boswellia neglecta,Y,37.686,-3.323,,Burseraceae,,A,D,Tree,C3,,Lake Challa,Kenya,East,Africa,0.018,0.095,0.127,0.431,0.283,0.046,31.008,7.55,,
Griepentrog et al. (2019),,Boswellia neglecta,Y,37.686,-3.323,,Burseraceae,,A,D,Tree,C3,,Lake Challa,Kenya,East,Africa,0.031,0.17,0.145,0.479,0.163,0.013,30.253,11.36,,
Griepentrog et al. (2019),,Boswellia neglecta,Y,37.686,-3.323,,Burseraceae,,A,D,Tree,C3,,Lake Challa,Kenya,East,Africa,0.021,0.119,0.133,0.501,0.209,0.017,30.618,11.27,,
Griepentrog et al. (2019),,Boswellia neglecta,Y,37.686,-3.323,,Burseraceae,,A,D,Tree,C3,,Lake Challa,Kenya,East,Africa,0.004,0.041,0.068,0.596,0.266,0.025,31.308,11.75,,
Griepentrog et al. (2019),,Boswellia neglecta,Y,37.686,-3.323,,Burseraceae,,A,D,Tree,C3,,Lake Challa,Kenya,East,Africa,0.004,0.042,0.063,0.594,0.271,0.026,31.328,11.76,,
Griepentrog et al. (2019),,Boswellia neglecta,Y,37.686,-3.323,,Burseraceae,,A,D,Tree,C3,,Lake Challa,Kenya,East,Africa,0.004,0.042,0.063,0.594,0.271,0.026,31.328,11.76,,
Griepentrog et al. (2019),,Boswellia neglecta,Y,37.686,-3.323,,Burseraceae,,A,D,Tree,C3,,Lake Challa,Kenya,East,Africa,0.003,0.035,0.063,0.591,0.281,0.027,31.386,12.48,,
Griepentrog et al. (2019),,Boswellia neglecta,Y,37.686,-3.323,,Burseraceae,,A,D,Tree,C3,,Lake Challa,Kenya,East,Africa,0,0.213,0.171,0.446,0.17,0,30.146,24.59,,
Griepentrog et al. (2019),,Boswellia neglecta,Y,37.686,-3.323,,Burseraceae,,A,D,Tree,C3,,Lake Challa,Kenya,East,Africa,0.006,0.032,0.103,0.586,0.236,0.036,31.215,9.85,,
Griepentrog et al. (2019),,Boswellia neglecta,Y,37.686,-3.323,,Burseraceae,,A,D,Tree,C3,,Lake Challa,Kenya,East,Africa,0,0.031,0.091,0.582,0.295,0,31.253,14.87,,
Griepentrog et al. (2019),,Boswellia neglecta,Y,37.686,-3.323,,Burseraceae,,A,D,Tree,C3,,Lake Challa,Kenya,East,Africa,0,0.06,0.087,0.596,0.257,0,31.1,17.18,,
Griepentrog et al. (2019),,Boswellia neglecta,Y,37.686,-3.323,,Burseraceae,,A,D,Tree,C3,,Lake Challa,Kenya,East,Africa,0,0.076,0.085,0.595,0.243,0,30.981,50.09,,
Griepentrog et al. (2019),,Boswellia neglecta,Y,37.686,-3.323,,Burseraceae,,A,D,Tree,C3,,Lake Challa,Kenya,East,Africa,0,0.055,0.079,0.599,0.267,0,31.156,16.79,,
Griepentrog et al. (2019),,Ficus sycomorus,Y,37.712,-3.314,,Moraceae,,A,D,Tree,C3,,Lake Challa,Kenya,East,Africa,0.007,0.017,0.214,0.674,0.089,0,30.671,20.93,,
Griepentrog et al. (2019),,Ficus sycomorus,Y,37.712,-3.314,,Moraceae,,A,D,Tree,C3,,Lake Challa,Kenya,East,Africa,0.006,0.015,0.202,0.682,0.094,0,30.657,19.76,,
Griepentrog et al. (2019),,Ficus sycomorus,Y,37.712,-3.314,,Moraceae,,A,D,Tree,C3,,Lake Challa,Kenya,East,Africa,0.006,0.016,0.172,0.706,0.098,0,30.69,21.32,,
Griepentrog et al. (2019),,Ficus sycomorus,Y,37.712,-3.314,,Moraceae,,A,D,Tree,C3,,Lake Challa,Kenya,East,Africa,0.001,0.003,0.288,0.669,0.038,0,30.451,20.67,,
Griepentrog et al. (2019),,Ficus sycomorus,Y,37.712,-3.314,,Moraceae,,A,D,Tree,C3,,Lake Challa,Kenya,East,Africa,0.003,0.012,0.175,0.686,0.123,0.001,30.834,16.36,,
Griepentrog et al. (2019),,Ficus sycomorus,Y,37.712,-3.314,,Moraceae,,A,D,Tree,C3,,Lake Challa,Kenya,East,Africa,0.003,0.016,0.168,0.687,0.124,0.002,30.838,15.29,,
Griepentrog et al. (2019),,Ficus sycomorus,Y,37.712,-3.314,,Moraceae,,A,D,Tree,C3,,Lake Challa,Kenya,East,Africa,0,0.007,0.266,0.687,0.04,0,30.52,25.76,,
Griepentrog et al. (2019),,Ficus sycomorus,Y,37.712,-3.314,,Moraceae,,A,D,Tree,C3,,Lake Challa,Kenya,East,Africa,0,0.007,0.238,0.712,0.043,0,30.582,25.96,,
Griepentrog et al. (2019),,Ficus sycomorus,Y,37.712,-3.314,,Moraceae,,A,D,Tree,C3,,Lake Challa,Kenya,East,Africa,0,0.021,0.215,0.664,0.099,0,30.653,19.65,,
Griepentrog et al. (2019),,Ficus sycomorus,Y,37.712,-3.314,,Moraceae,,A,D,Tree,C3,,Lake Challa,Kenya,East,Africa,0,0.009,0.263,0.637,0.091,0,30.62,26,,
Griepentrog et al. (2019),,Ficus sycomorus,Y,37.712,-3.314,,Moraceae,,A,D,Tree,C3,,Lake Challa,Kenya,East,Africa,0,0.013,0.245,0.634,0.108,0,30.674,23.13,,
Griepentrog et al. (2019),,Ficus sycomorus,Y,37.712,-3.314,,Moraceae,,A,D,Tree,C3,,Lake Challa,Kenya,East,Africa,0,0,0.216,0.699,0.086,0,30.771,NaN,,
Griepentrog et al. (2019),,Acacia gerrardii,Y,37.683,-3.306,,Fabaceae,,A,D,Tree,C3,,Lake Challa,Tanzania,East,Africa,0.155,0.145,0.131,0.416,0.153,0,29.534,10.07,,
Griepentrog et al. (2019),,Acacia gerrardii,Y,37.683,-3.306,,Fabaceae,,A,D,Tree,C3,,Lake Challa,Tanzania,East,Africa,0.065,0.096,0.129,0.451,0.258,0,30.453,16.18,,
Griepentrog et al. (2019),,Acacia gerrardii,Y,37.683,-3.306,,Fabaceae,,A,D,Tree,C3,,Lake Challa,Tanzania,East,Africa,0.067,0.1,0.131,0.461,0.241,0,30.418,16.97,,
Griepentrog et al. (2019),,Acacia gerrardii,Y,37.683,-3.306,,Fabaceae,,A,D,Tree,C3,,Lake Challa,Tanzania,East,Africa,0.082,0.16,0.525,0.222,0.012,0,28.873,10.28,,
Griepentrog et al. (2019),,Acacia gerrardii,Y,37.683,-3.306,,Fabaceae,,A,D,Tree,C3,,Lake Challa,Tanzania,East,Africa,0.067,0.156,0.528,0.237,0.012,0,28.942,10.61,,
Griepentrog et al. (2019),,Acacia gerrardii,Y,37.683,-3.306,,Fabaceae,,A,D,Tree,C3,,Lake Challa,Tanzania,East,Africa,0.064,0.156,0.476,0.283,0.021,0,29.082,8,,
Griepentrog et al. (2019),,Acacia gerrardii,Y,37.683,-3.306,,Fabaceae,,A,D,Tree,C3,,Lake Challa,Tanzania,East,Africa,0,0.131,0.778,0.086,0.006,0,28.963,11.79,,
Griepentrog et al. (2019),,Acacia gerrardii,Y,37.683,-3.306,,Fabaceae,,A,D,Tree,C3,,Lake Challa,Tanzania,East,Africa,0,0.101,0.729,0.17,0,0,29.138,28.07,,
Griepentrog et al. (2019),,Acacia gerrardii,Y,37.683,-3.306,,Fabaceae,,A,D,Tree,C3,,Lake Challa,Tanzania,East,Africa,0,0.124,0.665,0.212,0,0,29.205,10.2,,
Griepentrog et al. (2019),,Acacia gerrardii,Y,37.683,-3.306,,Fabaceae,,A,D,Tree,C3,,Lake Challa,Tanzania,East,Africa,0,0.066,0.649,0.276,0.009,0,29.456,17.11,,
Griepentrog et al. (2019),,Acacia gerrardii,Y,37.683,-3.306,,Fabaceae,,A,D,Tree,C3,,Lake Challa,Tanzania,East,Africa,0,0.063,0.621,0.316,0,0,29.506,36.42,,
Griepentrog et al. (2019),,Acacia gerrardii,Y,37.683,-3.306,,Fabaceae,,A,D,Tree,C3,,Lake Challa,Tanzania,East,Africa,0,0.055,0.587,0.358,0,0,29.606,NaN,,
Griepentrog et al. (2019),,Lepisanthes senegalensis,Y,37.712,-3.314,,Sapindaceae,,A,D,Tree,C3,,Lake Challa,Kenya,East,Africa,0.004,0.008,0.286,0.557,0.145,0.001,30.697,9.27,,
Griepentrog et al. (2019),,Lepisanthes senegalensis,Y,37.712,-3.314,,Sapindaceae,,A,D,Tree,C3,,Lake Challa,Kenya,East,Africa,0.003,0.007,0.276,0.554,0.159,0.001,30.724,10.28,,
Griepentrog et al. (2019),,Lepisanthes senegalensis,Y,37.712,-3.314,,Sapindaceae,,A,D,Tree,C3,,Lake Challa,Kenya,East,Africa,0.007,0.013,0.239,0.523,0.216,0.002,30.868,6.61,,
Griepentrog et al. (2019),,Lepisanthes senegalensis,Y,37.712,-3.314,,Sapindaceae,,A,D,Tree,C3,,Lake Challa,Kenya,East,Africa,0.002,0.008,0.243,0.538,0.206,0.003,30.894,7.23,,
Griepentrog et al. (2019),,Lepisanthes senegalensis,Y,37.712,-3.314,,Sapindaceae,,A,D,Tree,C3,,Lake Challa,Kenya,East,Africa,0,0.007,0.256,0.578,0.159,0,30.778,7.39,,
Griepentrog et al. (2019),,Lepisanthes senegalensis,Y,37.712,-3.314,,Sapindaceae,,A,D,Tree,C3,,Lake Challa,Kenya,East,Africa,0,0.013,0.341,0.551,0.096,0,30.489,9.88,,
Griepentrog et al. (2019),,Lepisanthes senegalensis,Y,37.712,-3.314,,Sapindaceae,,A,D,Tree,C3,,Lake Challa,Kenya,East,Africa,0,0.011,0.332,0.539,0.118,0,30.528,9.75,,
Griepentrog et al. (2019),,Lepisanthes senegalensis,Y,37.712,-3.314,,Sapindaceae,,A,D,Tree,C3,,Lake Challa,Kenya,East,Africa,0,0.009,0.308,0.543,0.139,0,30.595,8.48,,
Griepentrog et al. (2019),,Lepisanthes senegalensis,Y,37.712,-3.314,,Sapindaceae,,A,D,Tree,C3,,Lake Challa,Kenya,East,Africa,0,0,0.484,0.516,0,0,30.032,NaN,,
Griepentrog et al. (2019),,Lepisanthes senegalensis,Y,37.712,-3.314,,Sapindaceae,,A,D,Tree,C3,,Lake Challa,Kenya,East,Africa,0,0,0.429,0.502,0.069,0,30.28,23.18,,
Griepentrog et al. (2019),,Lepisanthes senegalensis,Y,37.712,-3.314,,Sapindaceae,,A,D,Tree,C3,,Lake Challa,Kenya,East,Africa,0,0,0.343,0.532,0.125,0,30.564,8.51,,
Griepentrog et al. (2019),,Sideroxylon sp.,Y,37.712,-3.314,,Sapotaceae,,A,D,Tree,C3,,Lake Challa,Kenya,East,Africa,0.004,0.043,0.644,0.301,0.009,0,29.565,25.25,,
Griepentrog et al. (2019),,Sideroxylon sp.,Y,37.712,-3.314,,Sapotaceae,,A,D,Tree,C3,,Lake Challa,Kenya,East,Africa,0.003,0.032,0.63,0.325,0.01,0,29.614,13.77,,
Griepentrog et al. (2019),,Sideroxylon sp.,Y,37.712,-3.314,,Sapotaceae,,A,D,Tree,C3,,Lake Challa,Kenya,East,Africa,0.004,0.036,0.303,0.584,0.073,0,30.372,12.15,,
Griepentrog et al. (2019),,Sideroxylon sp.,Y,37.712,-3.314,,Sapotaceae,,A,D,Tree,C3,,Lake Challa,Kenya,East,Africa,0.002,0.02,0.306,0.605,0.067,0,30.43,11.46,,
Griepentrog et al. (2019),,Sideroxylon sp.,Y,37.712,-3.314,,Sapotaceae,,A,D,Tree,C3,,Lake Challa,Kenya,East,Africa,0.003,0.021,0.282,0.608,0.086,0,30.506,9.05,,
Griepentrog et al. (2019),,Sideroxylon sp.,Y,37.712,-3.314,,Sapotaceae,,A,D,Tree,C3,,Lake Challa,Kenya,East,Africa,0,0.024,0.636,0.328,0.011,0,29.623,NaN,,
Griepentrog et al. (2019),,Sideroxylon sp.,Y,37.712,-3.314,,Sapotaceae,,A,D,Tree,C3,,Lake Challa,Kenya,East,Africa,0.003,0.043,0.278,0.588,0.085,0.002,30.401,7.63,,
Griepentrog et al. (2019),,Sideroxylon sp.,Y,37.712,-3.314,,Sapotaceae,,A,D,Tree,C3,,Lake Challa,Kenya,East,Africa,0,0.026,0.675,0.286,0.012,0,29.539,13.85,,
Griepentrog et al. (2019),,Sideroxylon sp.,Y,37.712,-3.314,,Sapotaceae,,A,D,Tree,C3,,Lake Challa,Kenya,East,Africa,0,0.028,0.359,0.57,0.042,0,30.223,15.57,,
Griepentrog et al. (2019),,Sideroxylon sp.,Y,37.712,-3.314,,Sapotaceae,,A,D,Tree,C3,,Lake Challa,Kenya,East,Africa,0,0.014,0.329,0.612,0.044,0,30.343,13.01,,
Griepentrog et al. (2019),,Sideroxylon sp.,Y,37.712,-3.314,,Sapotaceae,,A,D,Tree,C3,,Lake Challa,Kenya,East,Africa,0,0.025,0.383,0.561,0.031,0,30.196,12.67,,
Griepentrog et al. (2019),,Sideroxylon sp.,Y,37.712,-3.314,,Sapotaceae,,A,D,Tree,C3,,Lake Challa,Kenya,East,Africa,0,0.008,0.34,0.611,0.04,0,30.337,12.97,,
Griepentrog et al. (2019),,Sideroxylon sp.,Y,37.712,-3.314,,Sapotaceae,,A,D,Tree,C3,,Lake Challa,Kenya,East,Africa,0,0.017,0.244,0.647,0.092,0,30.628,7.42,,
Griepentrog et al. (2019),,Sideroxylon sp.,Y,37.712,-3.314,,Sapotaceae,,A,D,Tree,C3,,Lake Challa,Kenya,East,Africa,0.002,0.017,0.751,0.225,0.006,0,29.461,15.13,,
Griepentrog et al. (2019),,Sideroxylon sp.,Y,37.712,-3.314,,Sapotaceae,,A,D,Tree,C3,,Lake Challa,Kenya,East,Africa,0,0.008,0.737,0.251,0.004,0,29.502,15.92,,
Griepentrog et al. (2019),,Sideroxylon sp.,Y,37.712,-3.314,,Sapotaceae,,A,D,Tree,C3,,Lake Challa,Kenya,East,Africa,0,0.016,0.718,0.262,0.004,0,29.508,18.47,,
Griepentrog et al. (2019),,Sideroxylon sp.,Y,37.712,-3.314,,Sapotaceae,,A,D,Tree,C3,,Lake Challa,Kenya,East,Africa,0,0.021,0.28,0.614,0.084,0,30.493,7.84,,
Griepentrog et al. (2019),,Sideroxylon sp.,Y,37.712,-3.314,,Sapotaceae,,A,D,Tree,C3,,Lake Challa,Kenya,East,Africa,0,0.013,0.277,0.639,0.072,0,30.569,7.4,,
Kristen et al. (2010),,Combretum apiculatum,Y,28.08,-25.408,,Combretaceae,,A,D,Tree,C3,,,South Africa,South,Africa,0.021,0.037,0.093,0.535,0.313,0,31.135,NaN,,
Kristen et al. (2010),,Zyzyphus mucronata,Y,28.08,-25.408,,Rhamnaceae,,A,D,Tree,C3,,,South Africa,South,Africa,0,0.753,0.247,0,0,0,27.494,NaN,,
Kristen et al. (2010),,Sclerocarya birrea,Y,28.08,-25.408,,Anacardiaceae,,A,D,Tree,C3,,,South Africa,South,Africa,0.023,0.161,0.468,0.25,0.097,0,29.445,NaN,,
This Study,KU655,Vachellia tortilis 2001 October 6,Y,37.528,0.5683,,Fabaceae,,A,D,Tree,C3,,SNR,Kenya,East,Africa,0.1277,0.0812,0.7597,0.0277,0.0016,0.0021,28.4009,19.787,,
This Study,KU656,Vachellia tortilis 2001 November 12,Y,37.528,0.5683,,Fabaceae,,A,D,Tree,C3,,SNR,Kenya,East,Africa,0.027,0.0614,0.8733,0.0373,0.001,0,28.8479,31.657,,
This Study,KU657,Vachellia tortilis 2001 December 4,Y,37.528,0.5683,,Fabaceae,,A,D,Tree,C3,,SNR,Kenya,East,Africa,0.0658,0.1573,0.6453,0.128,0.0037,0,28.693,13.129,,
This Study,KU658,Vachellia tortilis 2002 January 9,Y,37.528,0.5683,,Fabaceae,,A,D,Tree,C3,,SNR,Kenya,East,Africa,0.0383,0.118,0.7617,0.0794,0.0026,0,28.78,29.206,,
This Study,KU659,Vachellia tortilis 2002 February 12,Y,37.528,0.5683,,Fabaceae,,A,D,Tree,C3,,SNR,Kenya,East,Africa,0.1451,0.2444,0.5336,0.0744,0.0023,0.0002,28.0902,19.009,,
This Study,KU660,Vachellia tortilis 2002 March 1,Y,37.528,0.5683,,Fabaceae,,A,D,Tree,C3,,SNR,Kenya,East,Africa,0.0593,0.1792,0.6963,0.0636,0.0016,0,28.538,20.887,,
This Study,KU661,Vachellia tortilis 2002 April 7,Y,37.528,0.5683,,Fabaceae,,A,D,Tree,C3,,SNR,Kenya,East,Africa,0.0648,0.1236,0.7523,0.0582,0.0011,0,28.6141,16.365,,
This Study,KU662,Vachellia tortilis 2002 May 5,Y,37.528,0.5683,,Fabaceae,,A,D,Tree,C3,,SNR,Kenya,East,Africa,0.0991,0.1534,0.6249,0.12,0.0026,0,28.5476,8.134,,
This Study,KU663,Vachellia tortilis 2002 June 2,Y,37.528,0.5683,,Fabaceae,,A,D,Tree,C3,,SNR,Kenya,East,Africa,0.1434,0.1747,0.5854,0.0941,0.0024,0,28.2747,6.627,,
This Study,KU664,Vachellia tortilis 2002 July 2,Y,37.528,0.5683,,Fabaceae,,A,D,Tree,C3,,SNR,Kenya,East,Africa,0.0991,0.1476,0.6105,0.1388,0.004,0,28.6018,8.928,,
This Study,KU665,Vachellia tortilis 2002 August 2,Y,37.528,0.5683,,Fabaceae,,A,D,Tree,C3,,SNR,Kenya,East,Africa,0.0781,0.1537,0.6096,0.1538,0.0048,0,28.7072,9.893,,
This Study,KU673,Salvadora persica 2001 November 1,Y,37.528,0.5683,,Salvadoraceae,,A,D,Tree,C3,,SNR,Kenya,East,Africa,0.0735,0.1907,0.273,0.4112,0.0517,0,29.3539,8.158,,
This Study,KU674,Salvadora persica 2001 December 4,,37.528,0.5683,,Salvadoraceae,,A,D,Tree,C3,,SNR,Kenya,East,Africa,0.0215,0.142,0.2393,0.5088,0.0871,0.0014,30.0041,6.913,,
This Study,KU675,Salvadora persica 2002 January 5,Y,37.528,0.5683,,Salvadoraceae,,A,D,Tree,C3,,SNR,Kenya,East,Africa,0.0175,0.1396,0.2007,0.549,0.0912,0.0021,30.126,6.894,,
This Study,KU676,Salvadora persica 2002 February 5,Y,37.528,0.5683,,Salvadoraceae,,A,D,Tree,C3,,SNR,Kenya,East,Africa,0.0244,0.126,0.2255,0.5194,0.1031,0.0016,30.1108,7.281,,
This Study,KU677,Salvadora persica 2002 March 1,Y,37.528,0.5683,,Salvadoraceae,,A,D,Tree,C3,,SNR,Kenya,East,Africa,0.1087,0.2066,0.3041,0.3373,0.0397,0.0035,29.0067,6.193,,
This Study,KU678,Salvadora persica 2002 April 7,Y,37.528,0.5683,,Salvadoraceae,,A,D,Tree,C3,,SNR,Kenya,East,Africa,0.0602,0.1715,0.2766,0.4389,0.0506,0.0022,29.5094,7.303,,
This Study,KU679,Salvadora persica 2002 May 7,Y,37.528,0.5683,,Salvadoraceae,,A,D,Tree,C3,,SNR,Kenya,East,Africa,0.0933,0.1574,0.2011,0.4743,0.0707,0.0032,29.5628,5.43,,
This Study,KU680,Salvadora persica 2002 June 2,Y,37.528,0.5683,,Salvadoraceae,,A,D,Tree,C3,,SNR,Kenya,East,Africa,0.0735,0.1521,0.1857,0.5046,0.0825,0.0016,29.7502,5.04,,
This Study,KU681,Salvadora persica 2002 July 2,Y,37.528,0.5683,,Salvadoraceae,,A,D,Tree,C3,,SNR,Kenya,East,Africa,0.1112,0.2074,0.2872,0.3448,0.0477,0.0017,29.0312,5.901,,
This Study,KU709,Vachellia elatior 2001 October 6,Y,37.528,0.5683,,Fabaceae,,A,D,Tree,C3,,SNR,Kenya,East,Africa,0.0811,0.106,0.2307,0.5556,0.0267,0,29.6819,12.276,,
This Study,KU710,Vachellia elatior 2002 May 5,Y,37.528,0.5683,,Fabaceae,,A,D,Tree,C3,,SNR,Kenya,East,Africa,0.1538,0.1279,0.2444,0.4338,0.0392,0.0009,29.1587,3.847,,
This Study,KU711,Vachellia elatior 2002 June 2,Y,37.528,0.5683,,Fabaceae,,A,D,Tree,C3,,SNR,Kenya,East,Africa,0.1456,0.1305,0.2433,0.4455,0.0345,0.0006,29.1889,3.852,,
This Study,KU712,Vachellia reficiens 2001 November 12,Y,37.528,0.5683,,Fabaceae,,A,D,Tree,C3,,SNR,Kenya,East,Africa,0.2419,0.1798,0.5102,0.0614,0.006,0.0007,27.8239,3.788,,
This Study,KU713,Vachellia reficiens 2002 May 5,Y,37.528,0.5683,,Fabaceae,,A,D,Tree,C3,,SNR,Kenya,East,Africa,0.3091,0.2706,0.373,0.0406,0.0045,0.0023,27.3354,4.207,,
This Study,KU714,Vachellia reficiens 2002 June 2,Y,37.528,0.5683,,Fabaceae,,A,D,Tree,C3,,SNR,Kenya,East,Africa,0.3534,0.2854,0.3277,0.0302,0.0027,0.0006,27.09,4.078,,
This Study,KU715,Vachellia thomsonii 2001 October 10,Y,37.528,0.5683,,Fabaceae,,A,D,Tree,C3,,SNR,Kenya,East,Africa,0.1391,0.1184,0.7342,0.0063,0.0016,0.0005,28.2285,10.497,,
This Study,KU716,Vachellia thomsonii 2001 December 3,Y,37.528,0.5683,,Fabaceae,,A,D,Tree,C3,,SNR,Kenya,East,Africa,0.0702,0.1395,0.7862,0.0033,0.0007,0,28.4495,7.851,,
This Study,KU803,Zyziphus mauritiana,Y,7.951042,16.990325,,Rhamnaceae,,A,D,Tree,C3,,,Niger,West,Africa,0.1958,0.253,0.099,0.2217,0.1884,0.0421,29.1602,13.152,,
This Study,KU804,Azadirachta indica,Y,7.951042,16.990325,,Meliaceae,,A,D,Tree,C3,,,Niger,West,Africa,0.0083,0.0601,0.3933,0.3894,0.1201,0.0288,30.2788,12.177,,
This Study,KU807,Tamarindus indica,Y,7.951042,16.990325,,Fabaceae,,A,D,Tree,C3,,,Niger,West,Africa,0.0735,0.283,0.4558,0.1627,0.0211,0.0039,28.5731,5.011,,
This Study,KU808,Sclerocaria birrea,Y,7.951042,16.990325,,Anacardiaceae,,A,D,Tree,C3,,,Niger,West,Africa,0.0912,0.2625,0.4946,0.1322,0.0186,0.0009,28.4547,18.974,,
This Study,KU809,Vachellia senegal,Y,7.951042,16.990325,,Fabaceae,,A,D,Tree,C3,,,Niger,West,Africa,0.0373,0.138,0.1707,0.4361,0.2172,0.0007,30.3197,5.576,,
This Study,KU810,Prosopis juliflora,Y,7.951042,16.990325,,Fabaceae,,A,D,Tree,C3,,,Niger,West,Africa,0.0414,0.1405,0.8064,0.0093,0.0012,0.0013,28.5845,3.53,,
This Study,KU811,Albizia lebbeck,Y,7.951042,16.990325,,Fabaceae,,A,D,Tree,C3,,,Niger,West,Africa,0.0276,0.1121,0.6013,0.2327,0.0227,0.0036,29.243,7.53,,
This Study,KU838,Vachellia tortilis,Y,7.532757,16.400736,,Fabaceae,,A,D,Tree,C3,,,Niger,West,Africa,0.0364,0.1606,0.6329,0.1568,0.0126,0.0007,28.9016,8.579,,
This Study,KU849,Vachellia tortilis,Y,9.506802,16.931249,,Fabaceae,,A,D,Tree,C3,,,Niger,West,Africa,0.0481,0.1832,0.565,0.188,0.0151,0.0005,28.8806,11.275,,
Tweedy et al. (2025),KU1071,Acanthus pubescens,,34.86934,0.34796,1576,Acanthaceae,,A,D,Tree,C3,KAK.OPEN,Kakamega,Kenya,East,Africa,0.112429791,0.126622592,0.148088917,0.523695322,0.078392073,0.010771306,29.72262242,3.917648705,,
Tweedy et al. (2025),KU1003,Alangium chinense,,34.861,0.356,1616,Cornaceae,,A,D,Tree,C3,KAK.FOREST,Kakamega,Kenya,East,Africa,0.178340324,0.184848817,0.490653549,0.14615731,0,0,28.20925569,12.72784935,,
Tweedy et al. (2025),KU970,Albizia grandibracteata,,34.861,0.356,1616,Fabaceae ,,A,D,Tree,C3,KAK.FOREST,Kakamega,Kenya,East,Africa,0.006020579,0.010483912,0.902822524,0.080050816,0.000622169,0,29.11754017,26.0956877,,
Tweedy et al. (2025),KU978,Antiores toxicoria,,34.861,0.356,1616,Moraceae,,A,D,Tree,C3,KAK.FOREST,Kakamega,Kenya,East,Africa,0.038204169,0.042114065,0.189303562,0.434757993,0.289018993,0.006601219,30.82815447,5.851991568,,
Tweedy et al. (2025),KU967,Berquciertiodendron oblant,,34.861,0.356,1616,Sapotoceae ,,A,D,Tree,C3,KAK.FOREST,Kakamega,Kenya,East,Africa,0.113666432,0.598768854,0.205770103,0.07078173,0.011012882,0,27.53341155,18.15317548,,
Tweedy et al. (2025),KU987,Bersama abyssinica,,34.861,0.356,1616,Melianthaceae,,A,D,Tree,C3,KAK.FOREST,Kakamega,Kenya,East,Africa,0.003601382,0.00865276,0.312590041,0.561900311,0.112664062,0.000591445,30.54629449,29.07472069,,
Tweedy et al. (2025),KU1011,Bridelia micrantha,,34.869,0.348,1576,Phyllanthaceae,,A,D,Tree,C3,KAK.OPEN,Kakamega,Kenya,East,Africa,0.038809906,0.107149659,0.381926516,0.424741019,0.047082098,0.000290803,29.67001631,12.84143647,,
Tweedy et al. (2025),KU979,Celtis africana,,34.861,0.356,1616,Cannabaceae,,A,D,Tree,C3,KAK.FOREST,Kakamega,Kenya,East,Africa,0.00377595,0.006474868,0.159681521,0.542321774,0.28750463,0.000241257,31.20805607,29.00313307,,
Tweedy et al. (2025),KU980,Chrysophyllum albidum,,34.861,0.356,1616,Sapotaceae,,A,D,Tree,C3,KAK.FOREST,Kakamega,Kenya,East,Africa,0.001928466,0.084091302,0.61028303,0.234432778,0.069128594,0.000135831,29.57029845,49.84198233,,
Tweedy et al. (2025),KU984,Cordia africana,,34.861,0.356,1616,Boraginaceae,,A,D,Tree,C3,KAK.FOREST,Kakamega,Kenya,East,Africa,0.006236707,0.021400457,0.146843328,0.745576454,0.079943054,0,30.74317738,14.81834472,,
Tweedy et al. (2025),KU985,Croton macrostachyus,,34.861,0.356,1616,Euphorbiaceae,,A,D,Tree,C3,KAK.FOREST,Kakamega,Kenya,East,Africa,0.034054436,0.132206841,0.249657872,0.503140702,0.078539701,0.002400447,29.93421146,25.68420513,,
Tweedy et al. (2025),KU1132,Dovyalis macrocalyx,,34.8611,0.35607,1616,Salicaceae,,A,D,Tree,C3,KAK.FOREST,Kakamega,Kenya,East,Africa,0.001322756,0.009172559,0.34279071,0.614124385,0.032409195,0.000180395,30.33533178,12.9570183,,
Tweedy et al. (2025),KU986,Ficus cyathistipula,,34.861,0.356,1616,Moraceae,,A,D,Tree,C3,KAK.FOREST,Kakamega,Kenya,East,Africa,0.002633356,0.091089082,0.695973395,0.203158194,0.006881512,0.000264462,29.24271762,36.67524473,,
Tweedy et al. (2025),KU982,Ficus sur,,34.861,0.356,1616,Moraceae,,A,D,Tree,C3,KAK.FOREST,Kakamega,Kenya,East,Africa,0.006848395,0.030402152,0.80522989,0.156036312,0.001483251,0,29.22980775,16.05727176,,
Tweedy et al. (2025),KU983,Ficus sycomorus,,34.861,0.356,1616,Moraceae,,A,D,Tree,C3,KAK.FOREST,Kakamega,Kenya,East,Africa,0.178042049,0.538088216,0.236162965,0.04770677,0,0,27.30706891,6.77380271,,
Tweedy et al. (2025),KU981,Funtumia africana,,34.861,0.356,1616,Apocynaceae,,A,D,Tree,C3,KAK.FOREST,Kakamega,Kenya,East,Africa,0.001054636,0.083399777,0.657910823,0.200618985,0.032298385,0.024717394,29.50771778,15.59670709,,
Tweedy et al. (2025),KU1067,Harungana madagascariensis,,34.86934,0.34796,1576,Hypericaceae,,A,D,Tree,C3,KAK.OPEN,Kakamega,Kenya,East,Africa,0.014640247,0.072498669,0.674226815,0.237963174,0.000671095,0,29.2750524,15.99631844,,
Tweedy et al. (2025),KU1068,Harungana madagascariensis,,34.86934,0.34796,1576,Hypericaceae,,A,D,Tree,C3,KAK.OPEN,Kakamega,Kenya,East,Africa,0.018930025,0.038901731,0.694542001,0.246783135,0.000843108,0,29.34341514,12.63034891,,
Tweedy et al. (2025),KU965,Heinsenia diervilleoides,,34.861,0.356,1616,Rubiaceae,,A,D,Tree,C3,KAK.FOREST,Kakamega,Kenya,East,Africa,0.000719907,0.013751816,0.497255895,0.388236401,0.098252494,0.001783487,30.14980044,33.89516775,,
Tweedy et al. (2025),KU1066,Keetia gueinzii,,34.86934,0.34796,1576,Rubiaceae,,A,D,Tree,C3,KAK.OPEN,Kakamega,Kenya,East,Africa,0.007326692,0.061493425,0.815361643,0.112332069,0.003486171,0,29.0863152,50.09282783,,
Tweedy et al. (2025),KU1012,Kotschya africana,,34.869,0.348,1576,Fabaceae,,A,D,Tree,C3,KAK.OPEN,Kakamega,Kenya,East,Africa,0.007902368,0.132945994,0.197149776,0.499500517,0.162377459,0.000123886,30.35175272,8.986820099,,
Tweedy et al. (2025),KU966,Markhamia lutea,,34.861,0.356,1616,Bignoniaceae ,,A,D,Tree,C3,KAK.FOREST,Kakamega,Kenya,East,Africa,0.010400334,0.014705796,0.192157759,0.479149718,0.280806289,0.022780103,31.14719228,15.65149182,,
Tweedy et al. (2025),KU977,Morus luctea,,34.861,0.356,,Moraceae,,A,D,Tree,C3,,Kakamega,Kenya,East,Africa,0.002077669,0.004347795,0.060778126,0.519391389,0.412203776,0.001201245,31.67779909,16.19508503,,
Tweedy et al. (2025),KU1001,Pittosporum viridiflorum,,34.861,0.356,1616,Pittosporaceae,,A,D,Tree,C3,KAK.FOREST,Kakamega,Kenya,East,Africa,0.003920142,0.012863652,0.937286346,0.04592986,0,0,29.05045185,95.21039599,,
Tweedy et al. (2025),KU1002,Polyscias fulva,,34.861,0.356,1616,Araliaceae,,A,D,Tree,C3,KAK.FOREST,Kakamega,Kenya,East,Africa,0.00244686,0.02467211,0.526523295,0.440544772,0.005812962,0,29.84520973,29.52302832,,
Tweedy et al. (2025),KU1009,Psidium guajava*,,34.869,0.348,1576,Myrtaceae,,A,D,Tree,C3,KAK.OPEN,Kakamega,Kenya,East,Africa,0.501722765,0.2936414,0.131816212,0.072819623,0,0,26.55146539,5.15475108,,
Tweedy et al. (2025),KU969,Rawsonia lucida,,34.861,0.356,1616,Achariaceae ,,A,D,Tree,C3,KAK.FOREST,Kakamega,Kenya,East,Africa,0.00136612,0.027390188,0.744966708,0.188020377,0.035062302,0.003194305,29.47521094,42.10666108,,
Tweedy et al. (2025),KU973, Nuxia congesta,,37.154,-0.174,2485,Stilbaceae,,A,D,Tree,C3,MTK.MONT,Mount Kenya,Kenya,East,Africa,0.007077367,0.052066672,0.251480302,0.441689629,0.242528626,0.005157405,30.75199538,12.11783429,,
Tweedy et al. (2025),KU991,Agelanthus pennatulus,,37.154,-0.174,2485,Loranthaceae,,A,D,Tree,C3,MTK.MONT,Mount Kenya,Kenya,East,Africa,0.009075949,0.110414768,0.698909931,0.178042596,0.003310287,0.000246468,29.11367182,40.17501745,,
Tweedy et al. (2025),KU997,Cassipurea malosana,,37.154,-0.174,2485,Rhizopharaceae,,A,D,Tree,C3,MTK.MONT,Mount Kenya,Kenya,East,Africa,0.017950155,0.393111681,0.541946599,0.046572646,0.00041892,0,28.23679699,9.333883872,,
Tweedy et al. (2025),KU1022,Cornus volkensii,,37.154,-0.174,2485,Cornaceae,,A,D,Tree,C3,MTK.MONT,Mount Kenya,Kenya,East,Africa,0.065221889,0.237260912,0.605577549,0.091939649,0,0,28.44846992,11.22765893,,
Tweedy et al. (2025),KU1078,Dombeya torrida,,37.15358,-0.17368,2485,Malvaceae,,A,D,Tree,C3,MTK.MONT,Mount Kenya,Kenya,East,Africa,0.108647137,0.164356826,0.234924295,0.4366871,0.053544208,0.001840433,29.33529143,13.19767331,,
Tweedy et al. (2025),KU1139,Galiniera saxifraga?,,37.15358,-0.17368,2485,Rubiaceae,,A,D,Tree,C3,MTK.MONT.001,Mount Kenya,Kenya,East,Africa,0.026096599,0.206636982,0.713565098,0.052672128,0.001029192,0,28.59180067,9.655362669,,
Tweedy et al. (2025),KU1094,Hagenia abyssinica,,,,,Rosaceae,,A,D,Tree,C3,,Mount Kenya,Kenya,East,Africa,0.03878962,0.059552704,0.48753398,0.409796643,0.004327053,0,29.56263761,37.60877202,,
Tweedy et al. (2025),KU1174,Hagenia abyssinica,,37.22313,-0.1684,3225,Rosaceae,,A,D,Tree,C3,MTK.HAG,Mount Kenya,Kenya,East,Africa,0.080920877,0.102089893,0.402971672,0.407235213,0.006782345,0,29.31373651,25.28549718,,
Tweedy et al. (2025),KU1089,Hypericum revolutum,,37.22752,-0.16747,3384,Hypericaceae,,A,D,Tree,C3,MTK.ERI,Mount Kenya,Kenya,East,Africa,0.639108455,0.143773759,0.034688136,0.149506914,0.032922736,0,26.58672344,7.252841151,,
Tweedy et al. (2025),KU1182,Lepidotrichilia volkensii,,37.2356,-0.16725,3608,Meliaceae,,A,D,Tree,C3,MTK.MOOR.001,Mount Kenya,Kenya,East,Africa,0.007896636,0.07048393,0.441511161,0.25769109,0.141382523,0.08103466,30.39456583,8.422417938,,
Tweedy et al. (2025),KU1074,Lepidotrichilia volkensii,,37.15358,-0.17368,2485,Meliaceae,,A,D,Tree,C3,MTK.MONT,Mount Kenya,Kenya,East,Africa,0.027529216,0.097961385,0.407690907,0.265500993,0.134683984,0.066633515,30.16349938,6.46989067,,
Tweedy et al. (2025),KU1092,Lobelia bambuseti,,,,,Lobeliaceae,,A,D,Tree,C3,,Mount Kenya,Kenya,East,Africa,0.022304385,0.194695931,0.467925453,0.306476229,0.008598001,0,29.16873506,12.20332814,,
Tweedy et al. (2025),KU1102,Myrsine melanophloeos,,37.22752,-0.16747,3384,Primulaceae,,A,D,Tree,C3,MTK.ERI,Mount Kenya,Kenya,East,Africa,0.275669914,0.469198673,0.211055441,0.043509069,0.000566902,0,27.04820875,19.86376775,,
Tweedy et al. (2025),KU990,Olea capensis,,37.154,-0.174,2485,Olaceae,,A,D,Tree,C3,MTK.MONT,Mount Kenya,Kenya,East,Africa,0.006103954,0.08817435,0.249670542,0.319923462,0.248190549,0.087937142,30.95946745,9.469053477,,
Tweedy et al. (2025),KU1082,Polyscias kikuyuensis,,37.15358,-0.17368,2485,Araliaceae,,A,D,Tree,C3,MTK.MONT,Mount Kenya,Kenya,East,Africa,0.176099845,0.290040829,0.522923654,0.008351589,0.001855031,0.000729053,27.74401658,5.965872209,,
Tweedy et al. (2025),KU1138,Prunus africana,,37.15358,-0.17368,2485,Rosaceae,,A,D,Tree,C3,MTK.MONT.001,Mount Kenya,Kenya,East,Africa,0.004697806,0.013019985,0.583002526,0.398780098,0.000499585,0,29.75472734,16.64378547,,
Tweedy et al. (2025),KU989,Prunus africana,,37.154,-0.174,2485,Rosaceae,,A,D,Tree,C3,MTK.MONT,Mount Kenya,Kenya,East,Africa,0.003319208,0.016523389,0.620003199,0.359291847,0.000862357,0,29.67570951,15.40454282,,
Tweedy et al. (2025),KU1169,Rapanea melanophloeos,,37.22313,-0.1684,3225,Primulaceae,,A,D,Tree,C3,MTK.HAG,Mount Kenya,Kenya,East,Africa,0.138364685,0.360477906,0.335935001,0.161966762,0.003191941,6.37042E-05,28.06266896,18.57655659,,
Vogts et al. (2009),,Leucaena leucocephala,N,37.6656,-6.778,,Fabaceae,,A,D,Tree,C3,,Morogoro,Tanzania,East,Africa,0.114,0.18,0.45,0.228,0.028,0,28.752,8.17,,
Vogts et al. (2009),,Morus alba,N,37.6656,-6.778,,Moraceae,,A,D,Tree,C3,,Morogoro,Tanzania,East,Africa,0.016,0.074,0.151,0.543,0.216,0.001,30.773,14.93,,
Vogts et al. (2009),,Sesbania sesban,N,37.6656,-6.778,,Fabaceae,,A,D,Tree,C3,,Morogoro,Tanzania,East,Africa,0.259,0.289,0.267,0.122,0.057,0.005,27.859,6.58,,
Vogts et al. (2009),,Balanites aegyptiaca,N,29.412,9.996,,Zygophyllaceae,,A,D,Tree,C3,,Higlig,Sudan,North,Africa,0.1,0.375,0.318,0.163,0.04,0.005,28.395,3.38,,
Vogts et al. (2009),,Vachellia mellifera,,NaN,NaN,,Fabaceae,,A,D,Tree,C3,,-,Sudan,North,Africa,0.06,0.344,0.219,0.291,0.087,0,29.031,6.15,,
Vogts et al. (2009),,Vachellia senegal,N,25.467,13.366,,Fabaceae,,A,D,Tree,C3,,Hashab,Sudan,North,Africa,0.038,0.142,0.469,0.28,0.067,0.003,29.381,5.18,,
Vogts et al. (2009),,Ziziphus spina-christi,,NaN,NaN,,Rhamnaceae,,A,D,Tree,C3,,-,Sudan,North,Africa,0.11,0.218,0.214,0.226,0.194,0.038,29.58,4.29,,
Vogts et al. (2009),,Adansonia digitata,Y,13.767,-18.483,,Malvaceae,,A,D,Tree,C3,,Baobab Corner,Namibia,South,Africa,0.012,0.115,0.21,0.444,0.209,0.011,30.541,7.65,,
Vogts et al. (2009),,Albizia anthelmintica,Y,16.48,-20.42,,Fabaceae,,A,D,Tree,C3,,Omatjenni,Namibia,South,Africa,0.029,0.079,0.846,0.046,0,0,28.818,10.01,,
Vogts et al. (2009),,Boscia albitrunca,Y,16.48,-20.42,,Capparaceae,,A,D,Tree,C3,,Omatjenni,Namibia,South,Africa,0.125,0.709,0.165,0,0,0,27.053,17.32,,
Vogts et al. (2009),,Boscia foetida,Y,16.48,-20.42,,Capparaceae,,A,D,Tree,C3,,Omatjenni,Namibia,South,Africa,0.006,0.087,0.491,0.362,0.048,0.007,29.789,7.02,,
Vogts et al. (2009),,Burkea africana,Y,13.767,-18.483,,Fabaceae,,A,D,Tree,C3,,Baobab Corner,Namibia,South,Africa,0.002,0.022,0.042,0.445,0.431,0.058,31.91,16.19,,
Vogts et al. (2009),,Colophospermum mopane,Y,13.767,-18.483,,Fabaceae,,A,D,Tree,C3,,Baobab Corner,Namibia,South,Africa,0.055,0.095,0.079,0.403,0.344,0.024,30.916,5.66,,
Vogts et al. (2009),,Colophospermum mopane,Y,16.93,-18.75,,Fabaceae,,A,D,Tree,C3,,Namatomi,Namibia,South,Africa,0.037,0.065,0.062,0.462,0.369,0.004,31.117,6.59,,
Vogts et al. (2009),,Combretum apiculatum,Y,13.767,-18.483,,Combretaceae,,A,D,Tree,C3,,Baobab Corner,Namibia,South,Africa,0.03,0.095,0.13,0.537,0.205,0.003,30.602,12.17,,
Vogts et al. (2009),,Combretum imberbe,Y,16.93,-18.75,,Combretaceae,,A,D,Tree,C3,,Namatomi,Namibia,South,Africa,0.135,0.262,0.444,0.133,0.023,0.004,28.347,4.87,,
Vogts et al. (2009),,Commiphora glaucescens,Y,13.767,-18.483,,Burseraceae,,A,D,Tree,C3,,Baobab Corner,Namibia,South,Africa,0.031,0.093,0.143,0.512,0.198,0.024,30.679,11.54,,
Vogts et al. (2009),,Commiphora merkeri,Y,13.767,-18.483,,Burseraceae,,A,D,Tree,C3,,Baobab Corner,Namibia,South,Africa,0.063,0.122,0.251,0.429,0.124,0.011,29.924,6.1,,
Vogts et al. (2009),,Euclea pseudebenus,Y,14.95,-22.7,,Ebenaceae,,A,D,Tree,C3,,Welwitschia Plain,Namibia,South,Africa,0.002,0.005,0.021,0.551,0.418,0.002,31.739,8.97,,
Vogts et al. (2009),,Faidherbia albida,Y,14.95,-22.7,,Fabaceae,,A,D,Tree,C3,,Welwitschia Plain,Namibia,South,Africa,0.107,0.56,0.24,0.067,0.027,0,27.723,6.45,,
Vogts et al. (2009),,Sclerocarya birrea subsp. Caffra,Y,13.767,-18.483,,Anacardiaceae,,A,D,Tree,C3,,Baobab Corner,Namibia,South,Africa,0.011,0.182,0.405,0.316,0.079,0.007,29.582,20.41,,
Vogts et al. (2009),,Tamarix usneoides,Y,14.95,-22.7,,Tamaricaceae,,A,D,Tree,C3,,Welwitschia Plain,Namibia,South,Africa,0.016,0.069,0.241,0.643,0.032,0,30.241,17.57,,
Vogts et al. (2009),,Terminalia prunioides,Y,13.767,-18.483,,Combretaceae,,A,D,Tree,C3,,Baobab Corner,Namibia,South,Africa,0.026,0.134,0.555,0.262,0.021,0.002,29.248,14.52,,
Vogts et al. (2009),,Vachellia erioloba,Y,14.95,-22.7,,Fabaceae,,A,D,Tree,C3,,Welwitschia Plain,Namibia,South,Africa,0.075,0.352,0.426,0.109,0.039,0,28.399,3.76,,
Vogts et al. (2009),,Vachellia karroo,Y,16.48,-20.42,,Fabaceae,,A,D,Tree,C3,,Omatjenni,Namibia,South,Africa,0.3,0.157,0.417,0.118,0.006,0.001,27.723,14.73,,
Vogts et al. (2009),,Vachellia kirkii,Y,13.767,-18.483,,Fabaceae,,A,D,Tree,C3,,Baobab Corner,Namibia,South,Africa,0.016,0.045,0.157,0.583,0.198,0,30.775,10.93,,
Vogts et al. (2009),,Vachellia luederitzii,Y,16.48,-20.42,,Fabaceae,,A,D,Tree,C3,,Omatjenni,Namibia,South,Africa,0.056,0.121,0.587,0.212,0.025,0,29.087,9.28,,
Vogts et al. (2009),,Ziziphus mucronata,Y,13.767,-18.483,,Rhamnaceae,,A,D,Tree,C3,,Baobab Corner,Namibia,South,Africa,0.058,0.417,0.21,0.205,0.07,0.041,28.899,11.95,,
Vogts et al. (2009),,Oncoba spinosa,N,-3.43,10.84,,Salicaceae,,A,D,Tree,C3,,Bougouriba,Burkina Faso,West,Africa,0,0,0.28,0.641,0.079,0,30.598,16.12,,
Vogts et al. (2009),,Berlinia confuse,Y,13,-0.67,,Fabaceae,,A,D,Tree,C3,,Ogooué-Lolo,Gabon,Central,Africa,0.004,0.051,0.85,0.09,0.005,0.001,29.117,16.93,,
Vogts et al. (2009),,Cynometra mannii,Y,10.37,-2.9533,,Fabaceae,,A,D,Tree,C3,,Ogooué-Maritime,Gabon,Central,Africa,0.032,0.033,0.857,0.073,0.005,0,28.972,21.89,,
Vogts et al. (2009),,Ficus ottoniifolia,Y,13.47,0.85,,Moraceae,,A,D,Tree,C3,,Ogooué-Ivindo,Gabon,Central,Africa,0.019,0.05,0.558,0.343,0.029,0,29.597,14.66,,
Vogts et al. (2009),,Psychotria djumaensis,Y,13.97,1.012,,Rubiaceae,,A,D,Tree,C3,,Zadié River,Gabon,Central,Africa,0.006,0.038,0.829,0.123,0.004,0,29.162,26.8,,
Vogts et al. (2009),,Treculia africana,Y,12.083,-0.8,,Moraceae,,A,D,Tree,C3,,Ogooué River,Gabon,Central,Africa,0.022,0.06,0.559,0.322,0.036,0,29.551,8.87,,
Vogts et al. (2009),,Uapaca guineensis,Y,10.7,-1.62,,Phyllanthaceae,,A,D,Tree,C3,,Ngounié,Gabon,Central,Africa,0.012,0.009,0.295,0.549,0.127,0.008,30.588,8.74,,